Starting Date,Ending Date,source_city_name,brand_name,top_slug,mid_slug,leaf_slug,source_sku_id,sku_description,sku_weight,total_quantity,total_mrp,total_sales,,
20251001,20251031,Bangalore,Chaayos,gourmet-world-food,drinks-beverages,gourmet-tea-tea-bags,40194562,Chaayos instant-desi-masala-chai-tea 25 pcs,25 pcs,61,11539,9480.2,,
20251001,20251031,Gurgaon,Chaayos,beverages,tea,leaf-dust-tea,40348267,Chaayos desi-masala-chai-tea 250 g,250 g,2,658,558,,
20251001,20251031,Mumbai,Chaayos,gourmet-world-food,drinks-beverages,gourmet-tea-tea-bags,40348270,Chaayos instant-cardamom-tea-premix 210 g  (14 g x 15),210 g,8,1512,1329.11,,
20251001,20251031,Mumbai,Chaayos,beverages,energy-soft-drinks,icetea-non-aerated-drink,40348265,Chaayos instant-lemon-iced-tea-premix 220 g  (20 g x 10),220 g,27,3213,2588.47,,
20251001,20251031,Bangalore,Chaayos,gourmet-world-food,drinks-beverages,gourmet-tea-tea-bags,40348271,Chaayos detox-kahwa-herbal-green-tea 25 pcs,25 pcs,23,4807,3922.35,,
20251001,20251031,Mumbai,Chaayos,gourmet-world-food,drinks-beverages,gourmet-tea-tea-bags,40194559,Chaayos tea-blendchai-adrak-elaichi-premium-flavoured 100 g,100 g,3,597,447.4,,
20251001,20251031,Bangalore,Chaayos,beverages,tea,leaf-dust-tea,40348267,Chaayos desi-masala-chai-tea 250 g,250 g,24,7896,6951.2,,
20251001,20251031,Nashik,Chaayos,gourmet-world-food,drinks-beverages,gourmet-tea-tea-bags,40194557,Chaayos instant-tea-premix-adrak-elaichi-low-sugar 180 g  (15 Sachet x 12 g each),180 g,1,375,299,,
20251001,20251031,Bangalore,Chaayos,beverages,tea,leaf-dust-tea,40348266,Chaayos adrakh-elaichi-instant-chai-tea 250 g,250 g,35,10465,9283.95,,
20251001,20251031,Gurgaon,Chaayos,beverages,energy-soft-drinks,icetea-non-aerated-drink,40348265,Chaayos instant-lemon-iced-tea-premix 220 g  (20 g x 10),220 g,2,238,198,,
20251001,20251031,Mysore,Chaayos,gourmet-world-food,drinks-beverages,gourmet-tea-tea-bags,40194557,Chaayos instant-tea-premix-adrak-elaichi-low-sugar 180 g  (15 Sachet x 12 g each),180 g,2,750,450,,
20251001,20251031,Pune,Chaayos,beverages,tea,leaf-dust-tea,40348268,Chaayos adrakh-elaichi-instant-tea-premix 120 g  (15 x 8 g each),120 g,2,372,372,,
20251001,20251031,Hyderabad,Chaayos,gourmet-world-food,drinks-beverages,gourmet-tea-tea-bags,40348269,Chaayos instant-chai-tea-premix-combo 168 g  (14 g x 12),168 g,22,3718,3077.83,,
20251001,20251031,Hyderabad,Chaayos,gourmet-world-food,drinks-beverages,gourmet-tea-tea-bags,40194557,Chaayos instant-tea-premix-adrak-elaichi-low-sugar 180 g  (15 Sachet x 12 g each),180 g,4,1500,937.5,,
20251001,20251031,Mumbai,Chaayos,beverages,tea,leaf-dust-tea,40348267,Chaayos desi-masala-chai-tea 250 g,250 g,18,5922,5423.3,,
20251001,20251031,Hyderabad,Chaayos,beverages,tea,leaf-dust-tea,40348266,Chaayos adrakh-elaichi-instant-chai-tea 250 g,250 g,21,6279,5546.45,,
20251001,20251031,Hyderabad,Chaayos,gourmet-world-food,drinks-beverages,gourmet-tea-tea-bags,40194790,Chaayos instant-desi-masala-chai-tea 210 g  (Pack of 15),210 g,4,1500,799.5,,
20251001,20251031,Bangalore,Chaayos,beverages,energy-soft-drinks,icetea-non-aerated-drink,40348265,Chaayos instant-lemon-iced-tea-premix 220 g  (20 g x 10),220 g,28,3332,2309.05,,
20251001,20251031,Gurgaon,Chaayos,beverages,tea,leaf-dust-tea,40348268,Chaayos adrakh-elaichi-instant-tea-premix 120 g  (15 x 8 g each),120 g,1,209,199,,
20251001,20251031,Kochi Rural,Chaayos,gourmet-world-food,drinks-beverages,gourmet-tea-tea-bags,40194559,Chaayos tea-blendchai-adrak-elaichi-premium-flavoured 100 g,100 g,1,199,129,,
20251001,20251031,Mangaluru,Chaayos,gourmet-world-food,drinks-beverages,gourmet-tea-tea-bags,40194561,Chaayos chai-masala-spice-blend 100 g,100 g,1,199,129,,
20251001,20251031,Chennai,Chaayos,gourmet-world-food,drinks-beverages,gourmet-tea-tea-bags,40194562,Chaayos instant-desi-masala-chai-tea 25 pcs,25 pcs,6,1034,884.4,,
20251001,20251031,Hyderabad,Chaayos,beverages,energy-soft-drinks,icetea-non-aerated-drink,40348264,Chaayos instant-peach-iced-tea-premix 220 g  (22 g x 10),220 g,15,1785,1401.96,,
20251001,20251031,Pune,Chaayos,beverages,energy-soft-drinks,icetea-non-aerated-drink,40348265,Chaayos instant-lemon-iced-tea-premix 220 g  (20 g x 10),220 g,3,318,297,,
20251001,20251031,Bangalore,Chaayos,beverages,tea,leaf-dust-tea,40348268,Chaayos adrakh-elaichi-instant-tea-premix 120 g  (15 x 8 g each),120 g,38,7942,6970.21,,
20251001,20251031,Vijayawada-Guntur,Chaayos,gourmet-world-food,drinks-beverages,gourmet-tea-tea-bags,40194562,Chaayos instant-desi-masala-chai-tea 25 pcs,25 pcs,2,398,318.4,,
20251001,20251031,Bangalore,Chaayos,snacks-branded-foods,chocolates-candies,gift-boxes,40357178,Chaayos festival-gift-box-masala-adrak-elaichi-chai 200 g  (2x100 g),200 g,1,649,599,,
20251001,20251031,Pune,Chaayos,gourmet-world-food,drinks-beverages,gourmet-tea-tea-bags,40348269,Chaayos instant-chai-tea-premix-combo 168 g  (14 g x 12),168 g,1,150,150,,
20251001,20251031,Kochi,Chaayos,gourmet-world-food,drinks-beverages,gourmet-tea-tea-bags,40194562,Chaayos instant-desi-masala-chai-tea 25 pcs,25 pcs,1,199,119.4,,
20251001,20251031,Mumbai,Chaayos,gourmet-world-food,drinks-beverages,gourmet-tea-tea-bags,40348269,Chaayos instant-chai-tea-premix-combo 168 g  (14 g x 12),168 g,9,1521,1282.02,,
20251001,20251031,Hyderabad,Chaayos,gourmet-world-food,drinks-beverages,gourmet-tea-tea-bags,40348270,Chaayos instant-cardamom-tea-premix 210 g  (14 g x 15),210 g,29,5481,4650.69,,
20251001,20251031,Kochi Rural,Chaayos,gourmet-world-food,drinks-beverages,gourmet-tea-tea-bags,40194790,Chaayos instant-desi-masala-chai-tea 210 g  (Pack of 15),210 g,1,375,179,,
20251001,20251031,Visakhapatnam,Chaayos,gourmet-world-food,drinks-beverages,gourmet-tea-tea-bags,40194557,Chaayos instant-tea-premix-adrak-elaichi-low-sugar 180 g  (15 Sachet x 12 g each),180 g,1,375,299,,
20251001,20251031,Bangalore,Chaayos,gourmet-world-food,drinks-beverages,gourmet-tea-tea-bags,40194557,Chaayos instant-tea-premix-adrak-elaichi-low-sugar 180 g  (15 Sachet x 12 g each),180 g,23,8625,6432.32,,
20251001,20251031,Mumbai,Chaayos,gourmet-world-food,drinks-beverages,gourmet-tea-tea-bags,40194562,Chaayos instant-desi-masala-chai-tea 25 pcs,25 pcs,10,1990,1480.8,,
20251001,20251031,Gurgaon,Chaayos,snacks-branded-foods,chocolates-candies,gift-boxes,40357178,Chaayos festival-gift-box-masala-adrak-elaichi-chai 200 g  (2x100 g),200 g,9,5841,5391,,
20251001,20251031,Bangalore,Chaayos,gourmet-world-food,drinks-beverages,gourmet-tea-tea-bags,40194559,Chaayos tea-blendchai-adrak-elaichi-premium-flavoured 100 g,100 g,41,7349,5739,,
20251001,20251031,Coimbatore,Chaayos,gourmet-world-food,drinks-beverages,gourmet-tea-tea-bags,40194557,Chaayos instant-tea-premix-adrak-elaichi-low-sugar 180 g  (15 Sachet x 12 g each),180 g,1,375,299,,
20251001,20251031,Noida,Chaayos,snacks-branded-foods,chocolates-candies,gift-boxes,40357178,Chaayos festival-gift-box-masala-adrak-elaichi-chai 200 g  (2x100 g),200 g,1,649,599,,
20251001,20251031,Hyderabad,Chaayos,gourmet-world-food,drinks-beverages,gourmet-tea-tea-bags,40348271,Chaayos detox-kahwa-herbal-green-tea 25 pcs,25 pcs,15,3135,2656.55,,
20251001,20251031,Bangalore,Chaayos,gourmet-world-food,drinks-beverages,gourmet-tea-tea-bags,40194790,Chaayos instant-desi-masala-chai-tea 210 g  (Pack of 15),210 g,14,5250,2506,,
20251001,20251031,Mumbai,Chaayos,beverages,energy-soft-drinks,icetea-non-aerated-drink,40348264,Chaayos instant-peach-iced-tea-premix 220 g  (22 g x 10),220 g,27,3213,2643.26,,
20251001,20251031,Visakhapatnam,Chaayos,gourmet-world-food,drinks-beverages,gourmet-tea-tea-bags,40194562,Chaayos instant-desi-masala-chai-tea 25 pcs,25 pcs,3,557,447,,
20251001,20251031,Hyderabad,Chaayos,beverages,tea,leaf-dust-tea,40348267,Chaayos desi-masala-chai-tea 250 g,250 g,21,6909,6018.75,,
20251001,20251031,Pune,Chaayos,beverages,tea,leaf-dust-tea,40348267,Chaayos desi-masala-chai-tea 250 g,250 g,1,190,190,,
20251001,20251031,Coimbatore,Chaayos,gourmet-world-food,drinks-beverages,gourmet-tea-tea-bags,40194559,Chaayos tea-blendchai-adrak-elaichi-premium-flavoured 100 g,100 g,1,199,129,,
20251001,20251031,Visakhapatnam,Chaayos,gourmet-world-food,drinks-beverages,gourmet-tea-tea-bags,40194790,Chaayos instant-desi-masala-chai-tea 210 g  (Pack of 15),210 g,1,375,179,,
20251001,20251031,Bangalore,Chaayos,snacks-branded-foods,chocolates-candies,gift-boxes,40357176,Chaayos green-festival-gift-box-set-with-tea-snacks 1 pc,1 pc,1,1599,1499,,
20251001,20251031,Bangalore,Chaayos,gourmet-world-food,drinks-beverages,gourmet-tea-tea-bags,40348269,Chaayos instant-chai-tea-premix-combo 168 g  (14 g x 12),168 g,35,5915,5194.37,,
20251001,20251031,Bangalore,Chaayos,gourmet-world-food,drinks-beverages,gourmet-tea-tea-bags,40194561,Chaayos chai-masala-spice-blend 100 g,100 g,55,10945,7807.4,,
20251001,20251031,Gurgaon,Chaayos,gourmet-world-food,drinks-beverages,gourmet-tea-tea-bags,40348271,Chaayos detox-kahwa-herbal-green-tea 25 pcs,25 pcs,1,209,199,,
20251001,20251031,Chennai,Chaayos,beverages,tea,leaf-dust-tea,40348268,Chaayos adrakh-elaichi-instant-tea-premix 120 g  (15 x 8 g each),120 g,1,186,186,,
20251001,20251031,Bangalore Rural,Chaayos,gourmet-world-food,drinks-beverages,gourmet-tea-tea-bags,40194561,Chaayos chai-masala-spice-blend 100 g,100 g,1,199,129,,
20251001,20251031,Bangalore,Chaayos,gourmet-world-food,drinks-beverages,gourmet-tea-tea-bags,40348270,Chaayos instant-cardamom-tea-premix 210 g  (14 g x 15),210 g,50,9450,7892.99,,
20251001,20251031,Hyderabad,Chaayos,beverages,energy-soft-drinks,icetea-non-aerated-drink,40348265,Chaayos instant-lemon-iced-tea-premix 220 g  (20 g x 10),220 g,16,1904,1395.6,,
20251001,20251031,Mumbai,Chaayos,gourmet-world-food,drinks-beverages,gourmet-tea-tea-bags,40348271,Chaayos detox-kahwa-herbal-green-tea 25 pcs,25 pcs,6,1254,1088.6,,
20251001,20251031,Noida,Chaayos,snacks-branded-foods,chocolates-candies,gift-boxes,40357177,Chaayos pink-festival-gift-box-set-with-tea-snacks 1 pc  (Set of 5),1 pc,2,1998,1798,,
20251001,20251031,Hyderabad Rural,Chaayos,gourmet-world-food,drinks-beverages,gourmet-tea-tea-bags,40194562,Chaayos instant-desi-masala-chai-tea 25 pcs,25 pcs,1,159,149,,
20251001,20251031,Chennai,Chaayos,gourmet-world-food,drinks-beverages,gourmet-tea-tea-bags,40194790,Chaayos instant-desi-masala-chai-tea 210 g  (Pack of 15),210 g,2,750,358,,
20251001,20251031,Chennai,Chaayos,gourmet-world-food,drinks-beverages,gourmet-tea-tea-bags,40194557,Chaayos instant-tea-premix-adrak-elaichi-low-sugar 180 g  (15 Sachet x 12 g each),180 g,2,750,450,,
20251001,20251031,Gurgaon,Chaayos,snacks-branded-foods,chocolates-candies,gift-boxes,40357176,Chaayos green-festival-gift-box-set-with-tea-snacks 1 pc,1 pc,1,1599,1499,,
20251001,20251031,Mumbai,Chaayos,beverages,tea,leaf-dust-tea,40348266,Chaayos adrakh-elaichi-instant-chai-tea 250 g,250 g,32,9568,9254.05,,
20251001,20251031,Hyderabad,Chaayos,beverages,tea,leaf-dust-tea,40348268,Chaayos adrakh-elaichi-instant-tea-premix 120 g  (15 x 8 g each),120 g,23,4807,4111.39,,
20251001,20251031,Chennai,Chaayos,gourmet-world-food,drinks-beverages,gourmet-tea-tea-bags,40194561,Chaayos chai-masala-spice-blend 100 g,100 g,4,796,496.8,,
20251001,20251031,Coimbatore,Chaayos,gourmet-world-food,drinks-beverages,gourmet-tea-tea-bags,40194562,Chaayos instant-desi-masala-chai-tea 25 pcs,25 pcs,2,318,318,,
20251001,20251031,Hyderabad,Chaayos,gourmet-world-food,drinks-beverages,gourmet-tea-tea-bags,40194562,Chaayos instant-desi-masala-chai-tea 25 pcs,25 pcs,12,2148,1838.3,,
20251001,20251031,Pune,Chaayos,beverages,energy-soft-drinks,icetea-non-aerated-drink,40348264,Chaayos instant-peach-iced-tea-premix 220 g  (22 g x 10),220 g,2,212,198,,
20251001,20251031,Gurgaon,Chaayos,gourmet-world-food,drinks-beverages,gourmet-tea-tea-bags,40348270,Chaayos instant-cardamom-tea-premix 210 g  (14 g x 15),210 g,1,189,179,,
20251001,20251031,Noida,Chaayos,snacks-branded-foods,chocolates-candies,gift-boxes,40357176,Chaayos green-festival-gift-box-set-with-tea-snacks 1 pc,1 pc,2,3198,2998,,
20251001,20251031,Mumbai,Chaayos,beverages,tea,leaf-dust-tea,40348268,Chaayos adrakh-elaichi-instant-tea-premix 120 g  (15 x 8 g each),120 g,34,7106,6471.42,,
20251001,20251031,Mumbai,Chaayos,gourmet-world-food,drinks-beverages,gourmet-tea-tea-bags,40194557,Chaayos instant-tea-premix-adrak-elaichi-low-sugar 180 g  (15 Sachet x 12 g each),180 g,5,1875,1421,,
20251001,20251031,Pune,Chaayos,beverages,tea,leaf-dust-tea,40348266,Chaayos adrakh-elaichi-instant-chai-tea 250 g,250 g,1,200,200,,
20251001,20251031,Mumbai,Chaayos,gourmet-world-food,drinks-beverages,gourmet-tea-tea-bags,40194790,Chaayos instant-desi-masala-chai-tea 210 g  (Pack of 15),210 g,14,5250,2506,,
20251001,20251031,Bangalore,Chaayos,beverages,energy-soft-drinks,icetea-non-aerated-drink,40348264,Chaayos instant-peach-iced-tea-premix 220 g  (22 g x 10),220 g,30,3570,2770.12,,
20251101,20251130,Hyderabad,Chaayos,gourmet-world-food,drinks-beverages,gourmet-tea-tea-bags,40348271,Chaayos detox-kahwa-herbal-green-tea 25 pcs,25 pcs,19,3971,3596.15,,
20251101,20251130,Bangalore,Chaayos,gourmet-world-food,drinks-beverages,gourmet-tea-tea-bags,40194790,Chaayos instant-desi-masala-chai-tea 210 g  (Pack of 15),210 g,4,1500,1425,,
20251101,20251130,Bangalore,Chaayos,gourmet-world-food,drinks-beverages,gourmet-tea-tea-bags,40194562,Chaayos instant-desi-masala-chai-tea 25 pcs,25 pcs,39,7441,5811,,
20251101,20251130,Ahmedabad-Gandhinagar,Chaayos,gourmet-world-food,drinks-beverages,gourmet-tea-tea-bags,40348269,Chaayos instant-chai-tea-premix-combo 168 g  (14 g x 12),168 g,2,338,317.72,,
20251101,20251130,Gurgaon,Chaayos,beverages,tea,leaf-dust-tea,40348267,Chaayos desi-masala-chai-tea 250 g,250 g,8,2632,2232,,
20251101,20251130,Mumbai,Chaayos,gourmet-world-food,drinks-beverages,gourmet-tea-tea-bags,40348270,Chaayos instant-cardamom-tea-premix 210 g  (14 g x 15),210 g,2,378,321.3,,
20251101,20251130,Bangalore Rural,Chaayos,gourmet-world-food,drinks-beverages,gourmet-tea-tea-bags,40194562,Chaayos instant-desi-masala-chai-tea 25 pcs,25 pcs,1,199,149,,
20251101,20251130,Mumbai,Chaayos,gourmet-world-food,drinks-beverages,gourmet-tea-tea-bags,40194559,Chaayos tea-blendchai-adrak-elaichi-premium-flavoured 100 g,100 g,2,398,398,,
20251101,20251130,Bangalore,Chaayos,beverages,tea,leaf-dust-tea,40348267,Chaayos desi-masala-chai-tea 250 g,250 g,46,15134,12834,,
20251101,20251130,Mysore,Chaayos,gourmet-world-food,drinks-beverages,gourmet-tea-tea-bags,40194561,Chaayos chai-masala-spice-blend 100 g,100 g,1,199,129,,
20251101,20251130,Gurgaon,Chaayos,gourmet-world-food,drinks-beverages,gourmet-tea-tea-bags,40348270,Chaayos instant-cardamom-tea-premix 210 g  (14 g x 15),210 g,16,3024,2864,,
20251101,20251130,Coimbatore,Chaayos,gourmet-world-food,drinks-beverages,gourmet-tea-tea-bags,40194562,Chaayos instant-desi-masala-chai-tea 25 pcs,25 pcs,3,477,433.15,,
20251101,20251130,Mumbai,Chaayos,snacks-branded-foods,chocolates-candies,gift-boxes,40357177,Chaayos pink-festival-gift-box-set-with-tea-snacks 1 pc  (Set of 5),1 pc,1,999,899,,
20251101,20251130,Mumbai,Chaayos,beverages,tea,leaf-dust-tea,40348266,Chaayos adrakh-elaichi-instant-chai-tea 250 g,250 g,23,6877,6279,,
20251101,20251130,Chennai,Chaayos,gourmet-world-food,drinks-beverages,gourmet-tea-tea-bags,40348269,Chaayos instant-chai-tea-premix-combo 168 g  (14 g x 12),168 g,8,1200,1137,,
20251101,20251130,Chennai,Chaayos,gourmet-world-food,drinks-beverages,gourmet-tea-tea-bags,40194561,Chaayos chai-masala-spice-blend 100 g,100 g,3,597,387,,
20251101,20251130,Hyderabad,Chaayos,beverages,tea,leaf-dust-tea,40348268,Chaayos adrakh-elaichi-instant-tea-premix 120 g  (15 x 8 g each),120 g,31,6479,5874.25,,
20251101,20251130,Mumbai,Chaayos,gourmet-world-food,drinks-beverages,gourmet-tea-tea-bags,40194557,Chaayos instant-tea-premix-adrak-elaichi-low-sugar 180 g  (15 Sachet x 12 g each),180 g,2,750,712.5,,
20251101,20251130,Ahmedabad-Gandhinagar,Chaayos,snacks-branded-foods,chocolates-candies,gift-boxes,40357178,Chaayos festival-gift-box-masala-adrak-elaichi-chai 200 g  (2x100 g),200 g,1,649,599,,
20251101,20251130,Pune,Chaayos,beverages,tea,leaf-dust-tea,40348266,Chaayos adrakh-elaichi-instant-chai-tea 250 g,250 g,7,1400,1300,,
20251101,20251130,Mangaluru,Chaayos,beverages,tea,leaf-dust-tea,40348266,Chaayos adrakh-elaichi-instant-chai-tea 250 g,250 g,1,299,269.1,,
20251101,20251130,Mysore,Chaayos,gourmet-world-food,drinks-beverages,gourmet-tea-tea-bags,40348269,Chaayos instant-chai-tea-premix-combo 168 g  (14 g x 12),168 g,1,169,143.65,,
20251101,20251130,Mumbai,Chaayos,beverages,tea,leaf-dust-tea,40348268,Chaayos adrakh-elaichi-instant-tea-premix 120 g  (15 x 8 g each),120 g,23,4807,4506.2,,
20251101,20251130,Hyderabad,Chaayos,gourmet-world-food,drinks-beverages,gourmet-tea-tea-bags,40194562,Chaayos instant-desi-masala-chai-tea 25 pcs,25 pcs,13,2227,1937,,
20251101,20251130,Gurgaon,Chaayos,beverages,tea,leaf-dust-tea,40348266,Chaayos adrakh-elaichi-instant-chai-tea 250 g,250 g,25,7475,6757.4,,
20251101,20251130,Pune,Chaayos,beverages,energy-soft-drinks,icetea-non-aerated-drink,40348264,Chaayos instant-peach-iced-tea-premix 220 g  (22 g x 10),220 g,11,1166,989.82,,
20251101,20251130,Pune,Chaayos,snacks-branded-foods,chocolates-candies,gift-boxes,40357177,Chaayos pink-festival-gift-box-set-with-tea-snacks 1 pc  (Set of 5),1 pc,1,999,899,,
20251101,20251130,Nashik,Chaayos,beverages,tea,leaf-dust-tea,40348267,Chaayos desi-masala-chai-tea 250 g,250 g,1,329,279,,
20251101,20251130,Gurgaon,Chaayos,beverages,tea,leaf-dust-tea,40348268,Chaayos adrakh-elaichi-instant-tea-premix 120 g  (15 x 8 g each),120 g,20,4180,3971.45,,
20251101,20251130,Hyderabad,Chaayos,gourmet-world-food,drinks-beverages,gourmet-tea-tea-bags,40194557,Chaayos instant-tea-premix-adrak-elaichi-low-sugar 180 g  (15 Sachet x 12 g each),180 g,0,0,0,,
20251101,20251130,Hyderabad,Chaayos,gourmet-world-food,drinks-beverages,gourmet-tea-tea-bags,40348269,Chaayos instant-chai-tea-premix-combo 168 g  (14 g x 12),168 g,19,3211,2898.63,,
20251101,20251130,Gurgaon,Chaayos,beverages,energy-soft-drinks,icetea-non-aerated-drink,40348264,Chaayos instant-peach-iced-tea-premix 220 g  (22 g x 10),220 g,21,2499,2075.32,,
20251101,20251130,Chennai,Chaayos,beverages,energy-soft-drinks,icetea-non-aerated-drink,40348264,Chaayos instant-peach-iced-tea-premix 220 g  (22 g x 10),220 g,10,1060,890.82,,
20251101,20251130,Pune,Chaayos,beverages,tea,leaf-dust-tea,40348268,Chaayos adrakh-elaichi-instant-tea-premix 120 g  (15 x 8 g each),120 g,6,1116,1060.2,,
20251101,20251130,Gurgaon,Chaayos,snacks-branded-foods,chocolates-candies,gift-boxes,40357178,Chaayos festival-gift-box-masala-adrak-elaichi-chai 200 g  (2x100 g),200 g,3,1947,1797,,
20251101,20251130,Coimbatore,Chaayos,gourmet-world-food,drinks-beverages,gourmet-tea-tea-bags,40194561,Chaayos chai-masala-spice-blend 100 g,100 g,3,597,387,,
20251101,20251130,Noida,Chaayos,snacks-branded-foods,chocolates-candies,gift-boxes,40357178,Chaayos festival-gift-box-masala-adrak-elaichi-chai 200 g  (2x100 g),200 g,2,1298,1198,,
20251101,20251130,Bangalore,Chaayos,gourmet-world-food,drinks-beverages,gourmet-tea-tea-bags,40194559,Chaayos tea-blendchai-adrak-elaichi-premium-flavoured 100 g,100 g,14,2606,2606,,
20251101,20251130,Gurgaon,Chaayos,gourmet-world-food,drinks-beverages,gourmet-tea-tea-bags,40348269,Chaayos instant-chai-tea-premix-combo 168 g  (14 g x 12),168 g,17,2873,2701.18,,
20251101,20251130,Pune,Chaayos,beverages,tea,leaf-dust-tea,40348267,Chaayos desi-masala-chai-tea 250 g,250 g,16,3040,2768.3,,
20251101,20251130,Hyderabad,Chaayos,beverages,tea,leaf-dust-tea,40348267,Chaayos desi-masala-chai-tea 250 g,250 g,10,3290,2790,,
20251101,20251130,Raipur,Chaayos,gourmet-world-food,drinks-beverages,gourmet-tea-tea-bags,40194790,Chaayos instant-desi-masala-chai-tea 210 g  (Pack of 15),210 g,1,375,179,,
20251101,20251130,Gurgaon,Chaayos,beverages,energy-soft-drinks,icetea-non-aerated-drink,40348265,Chaayos instant-lemon-iced-tea-premix 220 g  (20 g x 10),220 g,26,3094,2569.63,,
20251101,20251130,Bangalore,Chaayos,beverages,tea,leaf-dust-tea,40348266,Chaayos adrakh-elaichi-instant-chai-tea 250 g,250 g,76,22724,19734,,
20251101,20251130,Bangalore,Chaayos,beverages,energy-soft-drinks,icetea-non-aerated-drink,40348264,Chaayos instant-peach-iced-tea-premix 220 g  (22 g x 10),220 g,43,5117,4162.58,,
20251101,20251130,Bangalore,Chaayos,beverages,energy-soft-drinks,icetea-non-aerated-drink,40348265,Chaayos instant-lemon-iced-tea-premix 220 g  (20 g x 10),220 g,53,6307,5043.68,,
20251101,20251130,Mumbai,Chaayos,beverages,energy-soft-drinks,icetea-non-aerated-drink,40348265,Chaayos instant-lemon-iced-tea-premix 220 g  (20 g x 10),220 g,33,3927,3242.48,,
20251101,20251130,Ahmedabad-Gandhinagar,Chaayos,beverages,energy-soft-drinks,icetea-non-aerated-drink,40348265,Chaayos instant-lemon-iced-tea-premix 220 g  (20 g x 10),220 g,3,318,274.96,,
20251101,20251130,Bangalore,Chaayos,gourmet-world-food,drinks-beverages,gourmet-tea-tea-bags,40348271,Chaayos detox-kahwa-herbal-green-tea 25 pcs,25 pcs,14,2926,2456.65,,
20251101,20251130,Chennai,Chaayos,beverages,tea,leaf-dust-tea,40348266,Chaayos adrakh-elaichi-instant-chai-tea 250 g,250 g,12,2400,2220,,
20251101,20251130,Mysore,Chaayos,beverages,tea,leaf-dust-tea,40348268,Chaayos adrakh-elaichi-instant-tea-premix 120 g  (15 x 8 g each),120 g,1,209,198.55,,
20251101,20251130,Pune,Chaayos,beverages,energy-soft-drinks,icetea-non-aerated-drink,40348265,Chaayos instant-lemon-iced-tea-premix 220 g  (20 g x 10),220 g,10,1060,879.8,,
20251101,20251130,Vijayawada-Guntur,Chaayos,gourmet-world-food,drinks-beverages,gourmet-tea-tea-bags,40194562,Chaayos instant-desi-masala-chai-tea 25 pcs,25 pcs,2,318,298,,
20251101,20251130,Bangalore,Chaayos,snacks-branded-foods,chocolates-candies,gift-boxes,40357178,Chaayos festival-gift-box-masala-adrak-elaichi-chai 200 g  (2x100 g),200 g,6,3894,3594,,
20251101,20251130,Bangalore,Chaayos,beverages,tea,leaf-dust-tea,40348268,Chaayos adrakh-elaichi-instant-tea-premix 120 g  (15 x 8 g each),120 g,64,13376,12313.25,,
20251101,20251130,Mangaluru,Chaayos,gourmet-world-food,drinks-beverages,gourmet-tea-tea-bags,40194561,Chaayos chai-masala-spice-blend 100 g,100 g,1,199,129,,
20251101,20251130,Ahmedabad-Gandhinagar,Chaayos,beverages,tea,leaf-dust-tea,40348268,Chaayos adrakh-elaichi-instant-tea-premix 120 g  (15 x 8 g each),120 g,2,418,397.1,,
20251101,20251130,Chennai,Chaayos,gourmet-world-food,drinks-beverages,gourmet-tea-tea-bags,40348270,Chaayos instant-cardamom-tea-premix 210 g  (14 g x 15),210 g,9,1512,1453.2,,
20251101,20251130,Visakhapatnam,Chaayos,gourmet-world-food,drinks-beverages,gourmet-tea-tea-bags,40194562,Chaayos instant-desi-masala-chai-tea 25 pcs,25 pcs,2,358,298,,
20251101,20251130,Mysore,Chaayos,gourmet-world-food,drinks-beverages,gourmet-tea-tea-bags,40194562,Chaayos instant-desi-masala-chai-tea 25 pcs,25 pcs,1,159,135.15,,
20251101,20251130,Chennai,Chaayos,beverages,tea,leaf-dust-tea,40348267,Chaayos desi-masala-chai-tea 250 g,250 g,15,2850,2578.3,,
20251101,20251130,Mumbai,Chaayos,beverages,energy-soft-drinks,icetea-non-aerated-drink,40348264,Chaayos instant-peach-iced-tea-premix 220 g  (22 g x 10),220 g,35,4165,3418.14,,
20251101,20251130,Ahmedabad-Gandhinagar,Chaayos,beverages,energy-soft-drinks,icetea-non-aerated-drink,40348264,Chaayos instant-peach-iced-tea-premix 220 g  (22 g x 10),220 g,2,212,186.98,,
20251101,20251130,Gurgaon,Chaayos,gourmet-world-food,drinks-beverages,gourmet-tea-tea-bags,40194562,Chaayos instant-desi-masala-chai-tea 25 pcs,25 pcs,12,1908,1788,,
20251101,20251130,Chennai,Chaayos,gourmet-world-food,drinks-beverages,gourmet-tea-tea-bags,40194562,Chaayos instant-desi-masala-chai-tea 25 pcs,25 pcs,8,1352,1180.2,,
20251101,20251130,Hyderabad,Chaayos,beverages,energy-soft-drinks,icetea-non-aerated-drink,40348264,Chaayos instant-peach-iced-tea-premix 220 g  (22 g x 10),220 g,7,833,676.61,,
20251101,20251130,Mumbai,Chaayos,gourmet-world-food,drinks-beverages,gourmet-tea-tea-bags,40348269,Chaayos instant-chai-tea-premix-combo 168 g  (14 g x 12),168 g,8,1352,1172.86,,
20251101,20251130,Hyderabad,Chaayos,gourmet-world-food,drinks-beverages,gourmet-tea-tea-bags,40348270,Chaayos instant-cardamom-tea-premix 210 g  (14 g x 15),210 g,26,4914,4443.25,,
20251101,20251130,Chennai,Chaayos,beverages,energy-soft-drinks,icetea-non-aerated-drink,40348265,Chaayos instant-lemon-iced-tea-premix 220 g  (20 g x 10),220 g,11,1166,967.78,,
20251101,20251130,Hyderabad,Chaayos,beverages,energy-soft-drinks,icetea-non-aerated-drink,40348265,Chaayos instant-lemon-iced-tea-premix 220 g  (20 g x 10),220 g,18,2142,1716.21,,
20251101,20251130,Mumbai,Chaayos,gourmet-world-food,drinks-beverages,gourmet-tea-tea-bags,40348271,Chaayos detox-kahwa-herbal-green-tea 25 pcs,25 pcs,7,1463,1348.5,,
20251101,20251130,Bangalore,Chaayos,gourmet-world-food,drinks-beverages,gourmet-tea-tea-bags,40348270,Chaayos instant-cardamom-tea-premix 210 g  (14 g x 15),210 g,54,10206,9260.65,,
20251101,20251130,Pune,Chaayos,gourmet-world-food,drinks-beverages,gourmet-tea-tea-bags,40348270,Chaayos instant-cardamom-tea-premix 210 g  (14 g x 15),210 g,10,1680,1604.4,,
20251101,20251130,Pune,Chaayos,gourmet-world-food,drinks-beverages,gourmet-tea-tea-bags,40348269,Chaayos instant-chai-tea-premix-combo 168 g  (14 g x 12),168 g,9,1350,1269,,
20251101,20251130,Bangalore Rural,Chaayos,gourmet-world-food,drinks-beverages,gourmet-tea-tea-bags,40194790,Chaayos instant-desi-masala-chai-tea 210 g  (Pack of 15),210 g,1,168,134.4,,
20251101,20251130,Mumbai,Chaayos,gourmet-world-food,drinks-beverages,gourmet-tea-tea-bags,40194562,Chaayos instant-desi-masala-chai-tea 25 pcs,25 pcs,3,597,447,,
20251101,20251130,Bangalore,Chaayos,gourmet-world-food,drinks-beverages,gourmet-tea-tea-bags,40194557,Chaayos instant-tea-premix-adrak-elaichi-low-sugar 180 g  (15 Sachet x 12 g each),180 g,5,1875,1687.5,,
20251101,20251130,Bangalore,Chaayos,snacks-branded-foods,chocolates-candies,gift-boxes,40357176,Chaayos green-festival-gift-box-set-with-tea-snacks 1 pc,1 pc,1,1599,1499,,
20251101,20251130,Gurgaon,Chaayos,gourmet-world-food,drinks-beverages,gourmet-tea-tea-bags,40348271,Chaayos detox-kahwa-herbal-green-tea 25 pcs,25 pcs,8,1672,1589.75,,
20251101,20251130,Chennai,Chaayos,beverages,tea,leaf-dust-tea,40348268,Chaayos adrakh-elaichi-instant-tea-premix 120 g  (15 x 8 g each),120 g,7,1302,1236.9,,
20251101,20251130,Bangalore,Chaayos,gourmet-world-food,drinks-beverages,gourmet-tea-tea-bags,40348269,Chaayos instant-chai-tea-premix-combo 168 g  (14 g x 12),168 g,48,8112,7212.35,,
20251101,20251130,Bangalore,Chaayos,gourmet-world-food,drinks-beverages,gourmet-tea-tea-bags,40194561,Chaayos chai-masala-spice-blend 100 g,100 g,9,1791,1161,,
20251101,20251130,Hyderabad,Chaayos,beverages,tea,leaf-dust-tea,40348266,Chaayos adrakh-elaichi-instant-chai-tea 250 g,250 g,26,7774,6906.9,,
20251101,20251130,Mumbai,Chaayos,beverages,tea,leaf-dust-tea,40348267,Chaayos desi-masala-chai-tea 250 g,250 g,16,5264,4464,,
20251101,20251130,Ahmedabad-Gandhinagar,Chaayos,beverages,tea,leaf-dust-tea,40348267,Chaayos desi-masala-chai-tea 250 g,250 g,3,570,549.1,,
20251101,20251130,Kozhikode,Chaayos,gourmet-world-food,drinks-beverages,gourmet-tea-tea-bags,40194561,Chaayos chai-masala-spice-blend 100 g,100 g,1,199,129,,
20251201,20251230,Bangalore,Chaayos,gourmet-world-food,drinks-beverages,gourmet-tea-tea-bags,40194562,Chaayos instant-desi-masala-chai-tea 25 pcs  ,25 pcs,14,2586,2371.2,,
20251201,20251230,Mumbai,Chaayos,gourmet-world-food,drinks-beverages,gourmet-tea-tea-bags,40348270,Chaayos instant-cardamom-tea-premix 210 g  (14 g x 15),210 g,4,756,642.6,,
20251201,20251230,Gurgaon,Chaayos,beverages,tea,leaf-dust-tea,40348267,Chaayos desi-masala-chai-tea 250 g  ,250 g,3,987,937.65,,
20251201,20251230,Nashik,Chaayos,beverages,tea,leaf-dust-tea,40348266,Chaayos adrakh-elaichi-instant-chai-tea 250 g  ,250 g,1,299,269.1,,
20251201,20251230,Mumbai,Chaayos,beverages,tea,leaf-dust-tea,40348267,Chaayos desi-masala-chai-tea 250 g  ,250 g,13,4277,3948,,
20251201,20251230,Ahmedabad-Gandhinagar,Chaayos,beverages,tea,leaf-dust-tea,40348267,Chaayos desi-masala-chai-tea 250 g  ,250 g,3,570,539.6,,
20251201,20251230,Hyderabad,Chaayos,beverages,tea,leaf-dust-tea,40348266,Chaayos adrakh-elaichi-instant-chai-tea 250 g  ,250 g,36,10764,10046.4,,
20251201,20251230,Gurgaon,Chaayos,beverages,energy-soft-drinks,icetea-non-aerated-drink,40348264,Chaayos instant-peach-iced-tea-premix 220 g  (22 g x 10),220 g,11,1309,1249.5,,
20251201,20251230,Chennai,Chaayos,beverages,energy-soft-drinks,icetea-non-aerated-drink,40348264,Chaayos instant-peach-iced-tea-premix 220 g  (22 g x 10),220 g,4,424,408.1,,
20251201,20251230,Pune,Chaayos,beverages,tea,leaf-dust-tea,40348268,Chaayos adrakh-elaichi-instant-tea-premix 120 g  (15 x 8 g each),120 g,9,1674,1618.2,,
20251201,20251230,Ahmedabad-Gandhinagar,Chaayos,beverages,tea,leaf-dust-tea,40348266,Chaayos adrakh-elaichi-instant-chai-tea 250 g  ,250 g,8,1600,1510,,
20251201,20251230,Hyderabad,Chaayos,gourmet-world-food,drinks-beverages,gourmet-tea-tea-bags,40348269,Chaayos instant-chai-tea-premix-combo 168 g  (14 g x 12),168 g,17,2873,2535,,
20251201,20251230,Hyderabad,Chaayos,gourmet-world-food,drinks-beverages,gourmet-tea-tea-bags,40348270,Chaayos instant-cardamom-tea-premix 210 g  (14 g x 15),210 g,20,3780,3354.75,,
20251201,20251230,Mumbai,Chaayos,gourmet-world-food,drinks-beverages,gourmet-tea-tea-bags,40348269,Chaayos instant-chai-tea-premix-combo 168 g  (14 g x 12),168 g,17,2873,2543.45,,
20251201,20251230,Pune,Chaayos,snacks-branded-foods,chocolates-candies,gift-boxes,40357177,Chaayos pink-festival-gift-box-set-with-tea-snacks 1 pc  (Set of 5),1 pc,1,999,949.05,,
20251201,20251230,Gurgaon,Chaayos,beverages,tea,leaf-dust-tea,40348268,Chaayos adrakh-elaichi-instant-tea-premix 120 g  (15 x 8 g each),120 g,12,2508,2382.6,,
20251201,20251230,Bangalore,Chaayos,beverages,energy-soft-drinks,icetea-non-aerated-drink,40348265,Chaayos instant-lemon-iced-tea-premix 220 g  (20 g x 10),220 g,33,3927,3611.65,,
20251201,20251230,Mumbai,Chaayos,beverages,energy-soft-drinks,icetea-non-aerated-drink,40348265,Chaayos instant-lemon-iced-tea-premix 220 g  (20 g x 10),220 g,21,2499,2314.55,,
20251201,20251230,Bangalore,Chaayos,gourmet-world-food,drinks-beverages,gourmet-tea-tea-bags,40348271,Chaayos detox-kahwa-herbal-green-tea 25 pcs  ,25 pcs,7,1463,1306.25,,
20251201,20251230,Chennai,Chaayos,beverages,tea,leaf-dust-tea,40348266,Chaayos adrakh-elaichi-instant-chai-tea 250 g  ,250 g,10,2297,2227,,
20251201,20251230,Pune,Chaayos,beverages,energy-soft-drinks,icetea-non-aerated-drink,40348265,Chaayos instant-lemon-iced-tea-premix 220 g  (20 g x 10),220 g,1,106,106,,
20251201,20251230,Vijayawada-Guntur,Chaayos,gourmet-world-food,drinks-beverages,gourmet-tea-tea-bags,40194562,Chaayos instant-desi-masala-chai-tea 25 pcs  ,25 pcs,2,358,342.1,,
20251201,20251230,Bangalore,Chaayos,beverages,tea,leaf-dust-tea,40348268,Chaayos adrakh-elaichi-instant-tea-premix 120 g  (15 x 8 g each),120 g,58,12122,11589.05,,
20251201,20251230,Bangalore,Chaayos,snacks-branded-foods,chocolates-candies,gift-boxes,40357178,Chaayos festival-gift-box-masala-adrak-elaichi-chai 200 g  (2x100 g),200 g,3,1947,1849.65,,
20251201,20251230,Bangalore Rural,Chaayos,gourmet-world-food,drinks-beverages,gourmet-tea-tea-bags,40194790,Chaayos instant-desi-masala-chai-tea 210 g  (Pack of 15),210 g,1,168,168,,
20251201,20251230,Pune,Chaayos,gourmet-world-food,drinks-beverages,gourmet-tea-tea-bags,40348269,Chaayos instant-chai-tea-premix-combo 168 g  (14 g x 12),168 g,4,600,585,,
20251201,20251230,Gurgaon,Chaayos,gourmet-world-food,drinks-beverages,gourmet-tea-tea-bags,40194562,Chaayos instant-desi-masala-chai-tea 25 pcs  ,25 pcs,17,2703,2464.5,,
20251201,20251230,Chennai,Chaayos,gourmet-world-food,drinks-beverages,gourmet-tea-tea-bags,40194562,Chaayos instant-desi-masala-chai-tea 25 pcs  ,25 pcs,2,318,302.1,,
20251201,20251230,Hyderabad,Chaayos,beverages,energy-soft-drinks,icetea-non-aerated-drink,40348264,Chaayos instant-peach-iced-tea-premix 220 g  (22 g x 10),220 g,9,1071,928.2,,
20251201,20251230,Mangaluru,Chaayos,gourmet-world-food,drinks-beverages,gourmet-tea-tea-bags,40194561,Chaayos chai-masala-spice-blend 100 g  ,100 g,2,398,338.3,,
20251201,20251230,Hyderabad,Chaayos,gourmet-world-food,drinks-beverages,gourmet-tea-tea-bags,40348271,Chaayos detox-kahwa-herbal-green-tea 25 pcs  ,25 pcs,13,2717,2372.15,,
20251201,20251230,Bangalore,Chaayos,gourmet-world-food,drinks-beverages,gourmet-tea-tea-bags,40194790,Chaayos instant-desi-masala-chai-tea 210 g  (Pack of 15),210 g,1,375,300,,
20251201,20251230,Mumbai,Chaayos,snacks-branded-foods,chocolates-candies,gift-boxes,40357177,Chaayos pink-festival-gift-box-set-with-tea-snacks 1 pc  (Set of 5),1 pc,1,999,949.05,,
20251201,20251230,Hyderabad,Chaayos,beverages,tea,leaf-dust-tea,40348268,Chaayos adrakh-elaichi-instant-tea-premix 120 g  (15 x 8 g each),120 g,27,5643,5298.15,,
20251201,20251230,Mumbai,Chaayos,beverages,tea,leaf-dust-tea,40348266,Chaayos adrakh-elaichi-instant-chai-tea 250 g  ,250 g,33,9867,9269,,
20251201,20251230,Chennai,Chaayos,gourmet-world-food,drinks-beverages,gourmet-tea-tea-bags,40348269,Chaayos instant-chai-tea-premix-combo 168 g  (14 g x 12),168 g,5,750,727.5,,
20251201,20251230,Coimbatore,Chaayos,gourmet-world-food,drinks-beverages,gourmet-tea-tea-bags,40194561,Chaayos chai-masala-spice-blend 100 g  ,100 g,1,199,199,,
20251201,20251230,Gurgaon,Chaayos,snacks-branded-foods,chocolates-candies,gift-boxes,40357178,Chaayos festival-gift-box-masala-adrak-elaichi-chai 200 g  (2x100 g),200 g,5,3245,3147.65,,
20251201,20251230,Bangalore,Chaayos,gourmet-world-food,drinks-beverages,gourmet-tea-tea-bags,40194559,Chaayos tea-blendchai-adrak-elaichi-premium-flavoured 100 g  ,100 g,3,567,516.3,,
20251201,20251230,Noida,Chaayos,snacks-branded-foods,chocolates-candies,gift-boxes,40357178,Chaayos festival-gift-box-masala-adrak-elaichi-chai 200 g  (2x100 g),200 g,1,649,649,,
20251201,20251230,Gurgaon,Chaayos,gourmet-world-food,drinks-beverages,gourmet-tea-tea-bags,40348269,Chaayos instant-chai-tea-premix-combo 168 g  (14 g x 12),168 g,13,2197,2137.85,,
20251201,20251230,Mumbai,Chaayos,beverages,tea,leaf-dust-tea,40348268,Chaayos adrakh-elaichi-instant-tea-premix 120 g  (15 x 8 g each),120 g,20,4180,4148.65,,
20251201,20251230,Mumbai,Chaayos,snacks-branded-foods,chocolates-candies,gift-boxes,40357178,Chaayos festival-gift-box-masala-adrak-elaichi-chai 200 g  (2x100 g),200 g,2,1298,1233.1,,
20251201,20251230,Ahmedabad-Gandhinagar,Chaayos,snacks-branded-foods,chocolates-candies,gift-boxes,40357178,Chaayos festival-gift-box-masala-adrak-elaichi-chai 200 g  (2x100 g),200 g,1,649,551.65,,
20251201,20251230,Pune,Chaayos,beverages,tea,leaf-dust-tea,40348266,Chaayos adrakh-elaichi-instant-chai-tea 250 g  ,250 g,10,2000,1930,,
20251201,20251230,Mumbai,Chaayos,gourmet-world-food,drinks-beverages,gourmet-tea-tea-bags,40194557,Chaayos instant-tea-premix-adrak-elaichi-low-sugar 180 g  (15 Sachet x 12 g each),180 g,1,375,318.75,,
20251201,20251230,Bangalore,Chaayos,beverages,energy-soft-drinks,icetea-non-aerated-drink,40348264,Chaayos instant-peach-iced-tea-premix 220 g  (22 g x 10),220 g,29,3451,3201.1,,
20251201,20251230,Coimbatore,Chaayos,beverages,energy-soft-drinks,icetea-non-aerated-drink,40348264,Chaayos instant-peach-iced-tea-premix 220 g  (22 g x 10),220 g,1,119,119,,
20251201,20251230,Gurgaon,Chaayos,snacks-branded-foods,chocolates-candies,gift-boxes,40357176,Chaayos green-festival-gift-box-set-with-tea-snacks 1 pc  ,1 pc,1,1599,1439,,
20251201,20251230,Chennai,Chaayos,gourmet-world-food,drinks-beverages,gourmet-tea-tea-bags,40194790,Chaayos instant-desi-masala-chai-tea 210 g  (Pack of 15),210 g,1,375,281.25,,
20251201,20251230,Mumbai,Chaayos,snacks-branded-foods,chocolates-candies,gift-boxes,40357176,Chaayos green-festival-gift-box-set-with-tea-snacks 1 pc  ,1 pc,1,1599,1519,,
20251201,20251230,Hyderabad,Chaayos,beverages,tea,leaf-dust-tea,40348267,Chaayos desi-masala-chai-tea 250 g  ,250 g,22,7238,6366.15,,
20251201,20251230,Pune,Chaayos,beverages,tea,leaf-dust-tea,40348267,Chaayos desi-masala-chai-tea 250 g  ,250 g,10,1900,1871.5,,
20251201,20251230,Pune,Chaayos,snacks-branded-foods,chocolates-candies,gift-boxes,40357176,Chaayos green-festival-gift-box-set-with-tea-snacks 1 pc  ,1 pc,2,3198,2878,,
20251201,20251230,Bangalore,Chaayos,snacks-branded-foods,chocolates-candies,gift-boxes,40357176,Chaayos green-festival-gift-box-set-with-tea-snacks 1 pc  ,1 pc,1,1599,1519,,
20251201,20251230,Gurgaon,Chaayos,gourmet-world-food,drinks-beverages,gourmet-tea-tea-bags,40348271,Chaayos detox-kahwa-herbal-green-tea 25 pcs  ,25 pcs,8,1672,1609.3,,
20251201,20251230,Chennai,Chaayos,beverages,tea,leaf-dust-tea,40348268,Chaayos adrakh-elaichi-instant-tea-premix 120 g  (15 x 8 g each),120 g,7,1302,1255.5,,
20251201,20251230,Hyderabad,Chaayos,gourmet-world-food,drinks-beverages,gourmet-tea-tea-bags,40194562,Chaayos instant-desi-masala-chai-tea 25 pcs  ,25 pcs,7,1273,1165.6,,
20251201,20251230,Pune,Chaayos,beverages,energy-soft-drinks,icetea-non-aerated-drink,40348264,Chaayos instant-peach-iced-tea-premix 220 g  (22 g x 10),220 g,4,424,418.7,,
20251201,20251230,Mysore,Chaayos,gourmet-world-food,drinks-beverages,gourmet-tea-tea-bags,40194559,Chaayos tea-blendchai-adrak-elaichi-premium-flavoured 100 g  ,100 g,1,199,199,,
20251201,20251230,Gurgaon,Chaayos,beverages,tea,leaf-dust-tea,40348266,Chaayos adrakh-elaichi-instant-chai-tea 250 g  ,250 g,10,2990,2840.5,,
20251201,20251230,Hyderabad,Chaayos,beverages,energy-soft-drinks,icetea-non-aerated-drink,40348265,Chaayos instant-lemon-iced-tea-premix 220 g  (20 g x 10),220 g,24,2856,2635.85,,
20251201,20251230,Chennai,Chaayos,beverages,energy-soft-drinks,icetea-non-aerated-drink,40348265,Chaayos instant-lemon-iced-tea-premix 220 g  (20 g x 10),220 g,7,742,715.5,,
20251201,20251230,Mumbai,Chaayos,gourmet-world-food,drinks-beverages,gourmet-tea-tea-bags,40348271,Chaayos detox-kahwa-herbal-green-tea 25 pcs  ,25 pcs,8,1672,1515.25,,
20251201,20251230,Bangalore,Chaayos,gourmet-world-food,drinks-beverages,gourmet-tea-tea-bags,40348270,Chaayos instant-cardamom-tea-premix 210 g  (14 g x 15),210 g,41,7749,7427.7,,
20251201,20251230,Pune,Chaayos,gourmet-world-food,drinks-beverages,gourmet-tea-tea-bags,40348270,Chaayos instant-cardamom-tea-premix 210 g  (14 g x 15),210 g,3,504,487.2,,
20251201,20251230,Gurgaon,Chaayos,snacks-branded-foods,chocolates-candies,gift-boxes,40357177,Chaayos pink-festival-gift-box-set-with-tea-snacks 1 pc  (Set of 5),1 pc,1,999,949.05,,
20251201,20251230,Bangalore,Chaayos,gourmet-world-food,drinks-beverages,gourmet-tea-tea-bags,40194561,Chaayos chai-masala-spice-blend 100 g  ,100 g,6,1194,1054.7,,
20251201,20251230,Pune,Chaayos,snacks-branded-foods,chocolates-candies,gift-boxes,40357178,Chaayos festival-gift-box-masala-adrak-elaichi-chai 200 g  (2x100 g),200 g,1,649,649,,
20251201,20251230,Bangalore,Chaayos,gourmet-world-food,drinks-beverages,gourmet-tea-tea-bags,40348269,Chaayos instant-chai-tea-premix-combo 168 g  (14 g x 12),168 g,39,6591,6092.45,,
20251201,20251230,Visakhapatnam,Chaayos,gourmet-world-food,drinks-beverages,gourmet-tea-tea-bags,40194562,Chaayos instant-desi-masala-chai-tea 25 pcs  ,25 pcs,1,199,149.25,,
20251201,20251230,Mumbai,Chaayos,beverages,energy-soft-drinks,icetea-non-aerated-drink,40348264,Chaayos instant-peach-iced-tea-premix 220 g  (22 g x 10),220 g,36,4284,3730.65,,
20251201,20251230,Chennai,Chaayos,beverages,tea,leaf-dust-tea,40348267,Chaayos desi-masala-chai-tea 250 g  ,250 g,10,1900,1843,,
20251201,20251230,Mysore,Chaayos,gourmet-world-food,drinks-beverages,gourmet-tea-tea-bags,40194561,Chaayos chai-masala-spice-blend 100 g  ,100 g,1,199,199,,
20251201,20251230,Gurgaon,Chaayos,gourmet-world-food,drinks-beverages,gourmet-tea-tea-bags,40348270,Chaayos instant-cardamom-tea-premix 210 g  (14 g x 15),210 g,13,2457,2353.05,,
20251201,20251230,Bangalore,Chaayos,beverages,tea,leaf-dust-tea,40348267,Chaayos desi-masala-chai-tea 250 g  ,250 g,43,14147,13324.5,,
20251201,20251230,Gurgaon,Chaayos,beverages,energy-soft-drinks,icetea-non-aerated-drink,40348265,Chaayos instant-lemon-iced-tea-premix 220 g  (20 g x 10),220 g,6,714,696.15,,
20251201,20251230,Bangalore,Chaayos,beverages,tea,leaf-dust-tea,40348266,Chaayos adrakh-elaichi-instant-chai-tea 250 g  ,250 g,67,20033,18822.05,,
20251201,20251230,Chennai,Chaayos,gourmet-world-food,drinks-beverages,gourmet-tea-tea-bags,40348270,Chaayos instant-cardamom-tea-premix 210 g  (14 g x 15),210 g,8,1344,1293.6,,
20251201,20251230,Bangalore,Chaayos,gourmet-world-food,drinks-beverages,gourmet-tea-tea-bags,40194557,Chaayos instant-tea-premix-adrak-elaichi-low-sugar 180 g  (15 Sachet x 12 g each),180 g,3,1125,1068.75,,
20260101,20260131,Gurgaon,Chaayos,snacks-branded-foods,chocolates-candies,gift-boxes,40357178,Chaayos festival-gift-box-masala-adrak-elaichi-chai 200 g  (2x100 g),200 g,3,1947,1711.67,,
20260101,20260131,Chennai,Chaayos,snacks-branded-foods,chocolates-candies,gift-boxes,40357178,Chaayos festival-gift-box-masala-adrak-elaichi-chai 200 g  (2x100 g),200 g,1,649,551.65,,
20260101,20260131,Noida,Chaayos,beverages,tea,leaf-dust-tea,40348268,Chaayos adrakh-elaichi-instant-tea-premix 120 g  (15 x 8 g each),120 g,6,1116,1012,,
20260101,20260131,Noida,Chaayos,snacks-branded-foods,chocolates-candies,gift-boxes,40357178,Chaayos festival-gift-box-masala-adrak-elaichi-chai 200 g  (2x100 g),200 g,1,649,551.65,,
20260101,20260131,Bangalore,Chaayos,gourmet-world-food,drinks-beverages,gourmet-tea-tea-bags,40194559,Chaayos tea-blendchai-adrak-elaichi-premium-flavoured 100 g,100 g,3,567,417.6,,
20260101,20260131,Gurgaon,Chaayos,gourmet-world-food,drinks-beverages,gourmet-tea-tea-bags,40348269,Chaayos instant-chai-tea-premix-combo 168 g  (14 g x 12),168 g,30,4975,4398.65,,
20260101,20260131,Mumbai,Chaayos,snacks-branded-foods,chocolates-candies,gift-boxes,40357176,Chaayos green-festival-gift-box-set-with-tea-snacks 1 pc,1 pc,1,1599,1439,,
20260101,20260131,Hyderabad,Chaayos,beverages,tea,leaf-dust-tea,40348267,Chaayos desi-masala-chai-tea 250 g,250 g,15,4935,4214.89,,
20260101,20260131,Pune,Chaayos,beverages,tea,leaf-dust-tea,40348267,Chaayos desi-masala-chai-tea 250 g,250 g,5,950,830.42,,
20260101,20260131,Bangalore Rural,Chaayos,gourmet-world-food,drinks-beverages,gourmet-tea-tea-bags,40194559,Chaayos tea-blendchai-adrak-elaichi-premium-flavoured 100 g,100 g,1,169,169,,
20260101,20260131,Ahmedabad-Gandhinagar,Chaayos,beverages,tea,leaf-dust-tea,40348268,Chaayos adrakh-elaichi-instant-tea-premix 120 g  (15 x 8 g each),120 g,4,836,743.13,,
20260101,20260131,Noida,Chaayos,gourmet-world-food,drinks-beverages,gourmet-tea-tea-bags,40348269,Chaayos instant-chai-tea-premix-combo 168 g  (14 g x 12),168 g,5,750,664.8,,
20260101,20260131,Bangalore,Chaayos,gourmet-world-food,drinks-beverages,gourmet-tea-tea-bags,40194561,Chaayos chai-masala-spice-blend 100 g,100 g,5,995,727.11,,
20260101,20260131,Pune,Chaayos,snacks-branded-foods,chocolates-candies,gift-boxes,40357178,Chaayos festival-gift-box-masala-adrak-elaichi-chai 200 g  (2x100 g),200 g,2,1298,1038.4,,
20260101,20260131,Bangalore,Chaayos,gourmet-world-food,drinks-beverages,gourmet-tea-tea-bags,40348269,Chaayos instant-chai-tea-premix-combo 168 g  (14 g x 12),168 g,51,8619,7586.02,,
20260101,20260131,Mangaluru,Chaayos,beverages,energy-soft-drinks,icetea-non-aerated-drink,40348264,Chaayos instant-peach-iced-tea-premix 220 g  (22 g x 10),220 g,2,238,197.54,,
20260101,20260131,Chennai,Chaayos,beverages,tea,leaf-dust-tea,40348268,Chaayos adrakh-elaichi-instant-tea-premix 120 g  (15 x 8 g each),120 g,13,2418,2176.6,,
20260101,20260131,Gurgaon,Chaayos,gourmet-world-food,drinks-beverages,gourmet-tea-tea-bags,40348271,Chaayos detox-kahwa-herbal-green-tea 25 pcs,25 pcs,5,1045,913.42,,
20260101,20260131,Bangalore,Chaayos,gourmet-world-food,drinks-beverages,gourmet-tea-tea-bags,40348270,Chaayos instant-cardamom-tea-premix 210 g  (14 g x 15),210 g,49,9261,8465.04,,
20260101,20260131,Pune,Chaayos,gourmet-world-food,drinks-beverages,gourmet-tea-tea-bags,40348270,Chaayos instant-cardamom-tea-premix 210 g  (14 g x 15),210 g,1,168,151.12,,
20260101,20260131,Hyderabad Rural,Chaayos,gourmet-world-food,drinks-beverages,gourmet-tea-tea-bags,40194562,Chaayos instant-desi-masala-chai-tea 25 pcs,25 pcs,1,199,187.06,,
20260101,20260131,Chennai,Chaayos,beverages,energy-soft-drinks,icetea-non-aerated-drink,40348265,Chaayos instant-lemon-iced-tea-premix 220 g  (20 g x 10),220 g,15,1590,1367.4,,
20260101,20260131,Hyderabad,Chaayos,beverages,energy-soft-drinks,icetea-non-aerated-drink,40348265,Chaayos instant-lemon-iced-tea-premix 220 g  (20 g x 10),220 g,20,2380,1968.26,,
20260101,20260131,Mumbai,Chaayos,gourmet-world-food,drinks-beverages,gourmet-tea-tea-bags,40348271,Chaayos detox-kahwa-herbal-green-tea 25 pcs,25 pcs,5,1045,923.87,,
20260101,20260131,Mumbai,Chaayos,gourmet-world-food,drinks-beverages,gourmet-tea-tea-bags,40348270,Chaayos instant-cardamom-tea-premix 210 g  (14 g x 15),210 g,3,567,500.67,,
20260101,20260131,Bangalore,Chaayos,gourmet-world-food,drinks-beverages,gourmet-tea-tea-bags,40194562,Chaayos instant-desi-masala-chai-tea 25 pcs,25 pcs,10,1990,1721.35,,
20260101,20260131,Gurgaon,Chaayos,beverages,tea,leaf-dust-tea,40348267,Chaayos desi-masala-chai-tea 250 g,250 g,14,3216,2837.55,,
20260101,20260131,Ahmedabad-Gandhinagar,Chaayos,gourmet-world-food,drinks-beverages,gourmet-tea-tea-bags,40348269,Chaayos instant-chai-tea-premix-combo 168 g  (14 g x 12),168 g,4,676,575.95,,
20260101,20260131,Gurgaon,Chaayos,beverages,energy-soft-drinks,icetea-non-aerated-drink,40348264,Chaayos instant-peach-iced-tea-premix 220 g  (22 g x 10),220 g,14,1627,1387.3,,
20260101,20260131,Chennai,Chaayos,beverages,energy-soft-drinks,icetea-non-aerated-drink,40348264,Chaayos instant-peach-iced-tea-premix 220 g  (22 g x 10),220 g,9,954,799.24,,
20260101,20260131,Pune,Chaayos,beverages,tea,leaf-dust-tea,40348268,Chaayos adrakh-elaichi-instant-tea-premix 120 g  (15 x 8 g each),120 g,3,558,527.35,,
20260101,20260131,Hyderabad,Chaayos,gourmet-world-food,drinks-beverages,gourmet-tea-tea-bags,40194557,Chaayos instant-tea-premix-adrak-elaichi-low-sugar 180 g  (15 Sachet x 12 g each),180 g,1,375,325.01,,
20260101,20260131,Ahmedabad-Gandhinagar,Chaayos,beverages,tea,leaf-dust-tea,40348266,Chaayos adrakh-elaichi-instant-chai-tea 250 g,250 g,12,2400,1966.56,,
20260101,20260131,Hyderabad,Chaayos,gourmet-world-food,drinks-beverages,gourmet-tea-tea-bags,40348269,Chaayos instant-chai-tea-premix-combo 168 g  (14 g x 12),168 g,20,3380,2952.08,,
20260101,20260131,Mumbai,Chaayos,gourmet-world-food,drinks-beverages,gourmet-tea-tea-bags,40194559,Chaayos tea-blendchai-adrak-elaichi-premium-flavoured 100 g,100 g,1,139,111.76,,
20260101,20260131,Bangalore,Chaayos,beverages,tea,leaf-dust-tea,40348267,Chaayos desi-masala-chai-tea 250 g,250 g,58,19082,16062.29,,
20260101,20260131,Gurgaon,Chaayos,beverages,energy-soft-drinks,icetea-non-aerated-drink,40348265,Chaayos instant-lemon-iced-tea-premix 220 g  (20 g x 10),220 g,29,3399,2853.47,,
20260101,20260131,Bangalore,Chaayos,beverages,tea,leaf-dust-tea,40348266,Chaayos adrakh-elaichi-instant-chai-tea 250 g,250 g,81,24219,21272.45,,
20260101,20260131,Mumbai,Chaayos,beverages,tea,leaf-dust-tea,40348267,Chaayos desi-masala-chai-tea 250 g,250 g,10,3290,2876.06,,
20260101,20260131,Ahmedabad-Gandhinagar,Chaayos,beverages,tea,leaf-dust-tea,40348267,Chaayos desi-masala-chai-tea 250 g,250 g,9,1710,1372.28,,
20260101,20260131,Hyderabad,Chaayos,beverages,tea,leaf-dust-tea,40348266,Chaayos adrakh-elaichi-instant-chai-tea 250 g,250 g,24,7176,6202.45,,
20260101,20260131,Chennai,Chaayos,gourmet-world-food,drinks-beverages,gourmet-tea-tea-bags,40348270,Chaayos instant-cardamom-tea-premix 210 g  (14 g x 15),210 g,9,1512,1385.6,,
20260101,20260131,Noida,Chaayos,beverages,energy-soft-drinks,icetea-non-aerated-drink,40348264,Chaayos instant-peach-iced-tea-premix 220 g  (22 g x 10),220 g,6,636,599.96,,
20260101,20260131,Gurgaon,Chaayos,beverages,tea,leaf-dust-tea,40348268,Chaayos adrakh-elaichi-instant-tea-premix 120 g  (15 x 8 g each),120 g,47,9639,8687.85,,
20260101,20260131,Ahmedabad-Gandhinagar,Chaayos,snacks-branded-foods,chocolates-candies,gift-boxes,40357177,Chaayos pink-festival-gift-box-set-with-tea-snacks 5 pcs  1 Set,5 pcs,1,999,848.95,,
20260101,20260131,Bangalore,Chaayos,gourmet-world-food,drinks-beverages,gourmet-tea-tea-bags,40194790,Chaayos instant-desi-masala-chai-tea 210 g  (Pack of 15),210 g,2,750,675,,
20260101,20260131,Hyderabad,Chaayos,gourmet-world-food,drinks-beverages,gourmet-tea-tea-bags,40348271,Chaayos detox-kahwa-herbal-green-tea 25 pcs,25 pcs,11,2299,1990.95,,
20260101,20260131,Noida,Chaayos,beverages,tea,leaf-dust-tea,40348266,Chaayos adrakh-elaichi-instant-chai-tea 250 g,250 g,12,2598,2237.38,,
20260101,20260131,Chennai,Chaayos,gourmet-world-food,drinks-beverages,gourmet-tea-tea-bags,40194561,Chaayos chai-masala-spice-blend 100 g,100 g,1,199,149.25,,
20260101,20260131,Hyderabad,Chaayos,beverages,tea,leaf-dust-tea,40348268,Chaayos adrakh-elaichi-instant-tea-premix 120 g  (15 x 8 g each),120 g,16,3344,2900.1,,
20260101,20260131,Mumbai,Chaayos,beverages,tea,leaf-dust-tea,40348266,Chaayos adrakh-elaichi-instant-chai-tea 250 g,250 g,43,12857,11178.1,,
20260101,20260131,Chennai,Chaayos,gourmet-world-food,drinks-beverages,gourmet-tea-tea-bags,40348269,Chaayos instant-chai-tea-premix-combo 168 g  (14 g x 12),168 g,8,1200,1081.8,,
20260101,20260131,Gurgaon,Chaayos,gourmet-world-food,drinks-beverages,gourmet-tea-tea-bags,40348270,Chaayos instant-cardamom-tea-premix 210 g  (14 g x 15),210 g,37,6909,6262.08,,
20260101,20260131,Mysore,Chaayos,gourmet-world-food,drinks-beverages,gourmet-tea-tea-bags,40194561,Chaayos chai-masala-spice-blend 100 g,100 g,1,199,150.01,,
20260101,20260131,Gurgaon,Chaayos,snacks-branded-foods,chocolates-candies,gift-boxes,40357176,Chaayos green-festival-gift-box-set-with-tea-snacks 1 pc,1 pc,1,1599,1439,,
20260101,20260131,Chennai,Chaayos,gourmet-world-food,drinks-beverages,gourmet-tea-tea-bags,40194557,Chaayos instant-tea-premix-adrak-elaichi-low-sugar 180 g  (15 Sachet x 12 g each),180 g,0,0,0,,
20260101,20260131,Bangalore,Chaayos,beverages,energy-soft-drinks,icetea-non-aerated-drink,40348264,Chaayos instant-peach-iced-tea-premix 220 g  (22 g x 10),220 g,59,7021,5719.14,,
20260101,20260131,Mumbai,Chaayos,beverages,tea,leaf-dust-tea,40348268,Chaayos adrakh-elaichi-instant-tea-premix 120 g  (15 x 8 g each),120 g,33,6897,6078.53,,
20260101,20260131,Ahmedabad-Gandhinagar,Chaayos,snacks-branded-foods,chocolates-candies,gift-boxes,40357178,Chaayos festival-gift-box-masala-adrak-elaichi-chai 200 g  (2x100 g),200 g,1,649,551.65,,
20260101,20260131,Pune,Chaayos,beverages,tea,leaf-dust-tea,40348266,Chaayos adrakh-elaichi-instant-chai-tea 250 g,250 g,9,1800,1569.4,,
20260101,20260131,Mumbai,Chaayos,gourmet-world-food,drinks-beverages,gourmet-tea-tea-bags,40194790,Chaayos instant-desi-masala-chai-tea 210 g  (Pack of 15),210 g,3,1125,995.55,,
20260101,20260131,Noida,Chaayos,gourmet-world-food,drinks-beverages,gourmet-tea-tea-bags,40348270,Chaayos instant-cardamom-tea-premix 210 g  (14 g x 15),210 g,8,1386,1280.58,,
20260101,20260131,Hyderabad,Chaayos,gourmet-world-food,drinks-beverages,gourmet-tea-tea-bags,40348270,Chaayos instant-cardamom-tea-premix 210 g  (14 g x 15),210 g,21,3969,3514.77,,
20260101,20260131,Mysore,Chaayos,gourmet-world-food,drinks-beverages,gourmet-tea-tea-bags,40348270,Chaayos instant-cardamom-tea-premix 210 g  (14 g x 15),210 g,1,189,170.01,,
20260101,20260131,Bangalore,Chaayos,snacks-branded-foods,chocolates-candies,gift-boxes,40357177,Chaayos pink-festival-gift-box-set-with-tea-snacks 5 pcs  1 Set,5 pcs,1,999,848.95,,
20260101,20260131,Mumbai,Chaayos,gourmet-world-food,drinks-beverages,gourmet-tea-tea-bags,40348269,Chaayos instant-chai-tea-premix-combo 168 g  (14 g x 12),168 g,9,1521,1355.37,,
20260101,20260131,Pune,Chaayos,beverages,energy-soft-drinks,icetea-non-aerated-drink,40348264,Chaayos instant-peach-iced-tea-premix 220 g  (22 g x 10),220 g,16,1696,1429.94,,
20260101,20260131,Hyderabad,Chaayos,gourmet-world-food,drinks-beverages,gourmet-tea-tea-bags,40194562,Chaayos instant-desi-masala-chai-tea 25 pcs,25 pcs,3,517,457.35,,
20260101,20260131,Gurgaon,Chaayos,beverages,tea,leaf-dust-tea,40348266,Chaayos adrakh-elaichi-instant-chai-tea 250 g,250 g,55,15653,13229.4,,
20260101,20260131,Ahmedabad-Gandhinagar,Chaayos,gourmet-world-food,drinks-beverages,gourmet-tea-tea-bags,40348270,Chaayos instant-cardamom-tea-premix 210 g  (14 g x 15),210 g,1,189,160.65,,
20260101,20260131,Mumbai,Chaayos,beverages,energy-soft-drinks,icetea-non-aerated-drink,40348265,Chaayos instant-lemon-iced-tea-premix 220 g  (20 g x 10),220 g,13,1547,1332.8,,
20260101,20260131,Ahmedabad-Gandhinagar,Chaayos,beverages,energy-soft-drinks,icetea-non-aerated-drink,40348265,Chaayos instant-lemon-iced-tea-premix 220 g  (20 g x 10),220 g,4,424,351.92,,
20260101,20260131,Bangalore,Chaayos,gourmet-world-food,drinks-beverages,gourmet-tea-tea-bags,40348271,Chaayos detox-kahwa-herbal-green-tea 25 pcs,25 pcs,9,1881,1557.05,,
20260101,20260131,Chennai,Chaayos,beverages,tea,leaf-dust-tea,40348266,Chaayos adrakh-elaichi-instant-chai-tea 250 g,250 g,19,3899,3227.08,,
20260101,20260131,Noida,Chaayos,beverages,energy-soft-drinks,icetea-non-aerated-drink,40348265,Chaayos instant-lemon-iced-tea-premix 220 g  (20 g x 10),220 g,5,543,468.71,,
20260101,20260131,Pune,Chaayos,gourmet-world-food,drinks-beverages,gourmet-tea-tea-bags,40348269,Chaayos instant-chai-tea-premix-combo 168 g  (14 g x 12),168 g,10,1500,1359.6,,
20260101,20260131,Mumbai,Chaayos,beverages,energy-soft-drinks,icetea-non-aerated-drink,40348264,Chaayos instant-peach-iced-tea-premix 220 g  (22 g x 10),220 g,19,2261,1917.09,,
20260101,20260131,Visakhapatnam,Chaayos,gourmet-world-food,drinks-beverages,gourmet-tea-tea-bags,40194562,Chaayos instant-desi-masala-chai-tea 25 pcs,25 pcs,1,159,149.46,,
20260101,20260131,Mysore,Chaayos,gourmet-world-food,drinks-beverages,gourmet-tea-tea-bags,40194562,Chaayos instant-desi-masala-chai-tea 25 pcs,25 pcs,2,358,322.2,,
20260101,20260131,Chennai,Chaayos,beverages,tea,leaf-dust-tea,40348267,Chaayos desi-masala-chai-tea 250 g,250 g,23,4370,3491.56,,
20260101,20260131,Hyderabad,Chaayos,beverages,energy-soft-drinks,icetea-non-aerated-drink,40348264,Chaayos instant-peach-iced-tea-premix 220 g  (22 g x 10),220 g,12,1428,1174.53,,
20260101,20260131,Gurgaon,Chaayos,gourmet-world-food,drinks-beverages,gourmet-tea-tea-bags,40194562,Chaayos instant-desi-masala-chai-tea 25 pcs,25 pcs,11,1749,1478.7,,
20260101,20260131,Chennai,Chaayos,gourmet-world-food,drinks-beverages,gourmet-tea-tea-bags,40194562,Chaayos instant-desi-masala-chai-tea 25 pcs,25 pcs,2,318,298.92,,
20260101,20260131,Bangalore,Chaayos,beverages,energy-soft-drinks,icetea-non-aerated-drink,40348265,Chaayos instant-lemon-iced-tea-premix 220 g  (20 g x 10),220 g,50,5950,4959.92,,
20260101,20260131,Noida,Chaayos,beverages,tea,leaf-dust-tea,40348267,Chaayos desi-masala-chai-tea 250 g,250 g,7,1330,1147.78,,
20260101,20260131,Vijayawada-Guntur,Chaayos,gourmet-world-food,drinks-beverages,gourmet-tea-tea-bags,40194562,Chaayos instant-desi-masala-chai-tea 25 pcs,25 pcs,1,159,149.46,,
20260101,20260131,Bangalore,Chaayos,beverages,tea,leaf-dust-tea,40348268,Chaayos adrakh-elaichi-instant-tea-premix 120 g  (15 x 8 g each),120 g,66,13794,12556.07,,
20260101,20260131,Pune,Chaayos,beverages,energy-soft-drinks,icetea-non-aerated-drink,40348265,Chaayos instant-lemon-iced-tea-premix 220 g  (20 g x 10),220 g,12,1272,1096.04,,
20260101,20260131,Bangalore,Chaayos,snacks-branded-foods,chocolates-candies,gift-boxes,40357178,Chaayos festival-gift-box-masala-adrak-elaichi-chai 200 g  (2x100 g),200 g,3,1947,1525.15,,
20260201,20260212,Gurgaon,Chaayos,snacks-branded-foods,chocolates-candies,gift-boxes,40357178,Chaayos festival-gift-box-masala-adrak-elaichi-chai 200 g  (2x100 g),200 g,3,1947,1683.31,,
20260201,20260212,Mysore,Chaayos,beverages,energy-soft-drinks,icetea-non-aerated-drink,40348265,Chaayos instant-lemon-iced-tea-premix 220 g  (20 g x 10),220 g,1,119,98.77,,
20260201,20260212,Noida,Chaayos,snacks-branded-foods,chocolates-candies,gift-boxes,40357178,Chaayos festival-gift-box-masala-adrak-elaichi-chai 200 g  (2x100 g),200 g,1,649,551.65,,
20260201,20260212,Coimbatore,Chaayos,gourmet-world-food,drinks-beverages,gourmet-tea-tea-bags,40348270,Chaayos instant-cardamom-tea-premix 210 g  (14 g x 15),210 g,1,189,170.01,,
20260201,20260212,Noida,Chaayos,beverages,tea,leaf-dust-tea,40348268,Chaayos adrakh-elaichi-instant-tea-premix 120 g  (15 x 8 g each),120 g,3,581,514.31,,
20260201,20260212,Gurgaon,Chaayos,gourmet-world-food,drinks-beverages,gourmet-tea-tea-bags,40348269,Chaayos instant-chai-tea-premix-combo 168 g  (14 g x 12),168 g,8,1333,1142.35,,
20260201,20260212,Hyderabad Rural,Chaayos,beverages,tea,leaf-dust-tea,40348266,Chaayos adrakh-elaichi-instant-chai-tea 250 g,250 g,1,299,245,,
20260201,20260212,Hyderabad,Chaayos,beverages,tea,leaf-dust-tea,40348267,Chaayos desi-masala-chai-tea 250 g,250 g,8,2632,2040.3,,
20260201,20260212,Bangalore,Chaayos,gourmet-world-food,drinks-beverages,gourmet-tea-tea-bags,40348269,Chaayos instant-chai-tea-premix-combo 168 g  (14 g x 12),168 g,14,2366,2017.85,,
20260201,20260212,Ahmedabad-Gandhinagar,Chaayos,beverages,tea,leaf-dust-tea,40348268,Chaayos adrakh-elaichi-instant-tea-premix 120 g  (15 x 8 g each),120 g,5,1045,888.25,,
20260201,20260212,Noida,Chaayos,gourmet-world-food,drinks-beverages,gourmet-tea-tea-bags,40348269,Chaayos instant-chai-tea-premix-combo 168 g  (14 g x 12),168 g,2,319,273.7,,
20260201,20260212,Gurgaon,Chaayos,gourmet-world-food,drinks-beverages,gourmet-tea-tea-bags,40348271,Chaayos detox-kahwa-herbal-green-tea 25 pcs,25 pcs,2,418,355.3,,
20260201,20260212,Chennai,Chaayos,beverages,tea,leaf-dust-tea,40348268,Chaayos adrakh-elaichi-instant-tea-premix 120 g  (15 x 8 g each),120 g,8,1488,1291,,
20260201,20260212,Hyderabad,Chaayos,gourmet-world-food,drinks-beverages,gourmet-tea-tea-bags,40348271,Chaayos detox-kahwa-herbal-green-tea 25 pcs,25 pcs,2,418,313.5,,
20260201,20260212,Noida,Chaayos,beverages,tea,leaf-dust-tea,40348266,Chaayos adrakh-elaichi-instant-chai-tea 250 g,250 g,1,200,163.88,,
20260201,20260212,Bangalore,Chaayos,gourmet-world-food,drinks-beverages,gourmet-tea-tea-bags,40194562,Chaayos instant-desi-masala-chai-tea 25 pcs,25 pcs,2,398,328.35,,
20260201,20260212,Mumbai,Chaayos,gourmet-world-food,drinks-beverages,gourmet-tea-tea-bags,40348270,Chaayos instant-cardamom-tea-premix 210 g  (14 g x 15),210 g,4,756,680.04,,
20260201,20260212,Nashik,Chaayos,beverages,tea,leaf-dust-tea,40348266,Chaayos adrakh-elaichi-instant-chai-tea 250 g,250 g,1,299,245,,
20260201,20260212,Ahmedabad-Gandhinagar,Chaayos,gourmet-world-food,drinks-beverages,gourmet-tea-tea-bags,40348269,Chaayos instant-chai-tea-premix-combo 168 g  (14 g x 12),168 g,1,169,145,,
20260201,20260212,Gurgaon,Chaayos,beverages,tea,leaf-dust-tea,40348267,Chaayos desi-masala-chai-tea 250 g,250 g,3,848,670.18,,
20260201,20260212,Hyderabad,Chaayos,beverages,tea,leaf-dust-tea,40348266,Chaayos adrakh-elaichi-instant-chai-tea 250 g,250 g,10,2990,2421,,
20260201,20260212,Ahmedabad-Gandhinagar,Chaayos,beverages,tea,leaf-dust-tea,40348267,Chaayos desi-masala-chai-tea 250 g,250 g,4,760,600.64,,
20260201,20260212,Mumbai,Chaayos,beverages,tea,leaf-dust-tea,40348267,Chaayos desi-masala-chai-tea 250 g,250 g,3,987,780.03,,
20260201,20260212,Mysore,Chaayos,beverages,energy-soft-drinks,icetea-non-aerated-drink,40348264,Chaayos instant-peach-iced-tea-premix 220 g  (22 g x 10),220 g,2,238,197.54,,
20260201,20260212,Noida,Chaayos,beverages,energy-soft-drinks,icetea-non-aerated-drink,40348264,Chaayos instant-peach-iced-tea-premix 220 g  (22 g x 10),220 g,1,106,87.98,,
20260201,20260212,Chennai,Chaayos,gourmet-world-food,drinks-beverages,gourmet-tea-tea-bags,40348270,Chaayos instant-cardamom-tea-premix 210 g  (14 g x 15),210 g,5,840,730.64,,
20260201,20260212,Gurgaon,Chaayos,beverages,energy-soft-drinks,icetea-non-aerated-drink,40348264,Chaayos instant-peach-iced-tea-premix 220 g  (22 g x 10),220 g,9,1006,834.98,,
20260201,20260212,Chennai,Chaayos,beverages,energy-soft-drinks,icetea-non-aerated-drink,40348264,Chaayos instant-peach-iced-tea-premix 220 g  (22 g x 10),220 g,2,212,175.96,,
20260201,20260212,Pune,Chaayos,beverages,tea,leaf-dust-tea,40348268,Chaayos adrakh-elaichi-instant-tea-premix 120 g  (15 x 8 g each),120 g,2,395,343.11,,
20260201,20260212,Ahmedabad-Gandhinagar,Chaayos,beverages,tea,leaf-dust-tea,40348266,Chaayos adrakh-elaichi-instant-chai-tea 250 g,250 g,3,600,491.64,,
20260201,20260212,Hyderabad,Chaayos,gourmet-world-food,drinks-beverages,gourmet-tea-tea-bags,40348269,Chaayos instant-chai-tea-premix-combo 168 g  (14 g x 12),168 g,8,1352,1101.2,,
20260201,20260212,Mangaluru,Chaayos,beverages,energy-soft-drinks,icetea-non-aerated-drink,40348265,Chaayos instant-lemon-iced-tea-premix 220 g  (20 g x 10),220 g,1,119,98.77,,
20260201,20260212,Bangalore,Chaayos,beverages,tea,leaf-dust-tea,40348267,Chaayos desi-masala-chai-tea 250 g,250 g,18,5922,4680.18,,
20260201,20260212,Bangalore,Chaayos,beverages,energy-soft-drinks,icetea-non-aerated-drink,40348265,Chaayos instant-lemon-iced-tea-premix 220 g  (20 g x 10),220 g,18,2142,1749.3,,
20260201,20260212,Kochi Rural,Chaayos,gourmet-world-food,drinks-beverages,gourmet-tea-tea-bags,40194562,Chaayos instant-desi-masala-chai-tea 25 pcs,25 pcs,1,159,149.46,,
20260201,20260212,Noida,Chaayos,beverages,tea,leaf-dust-tea,40348267,Chaayos desi-masala-chai-tea 250 g,250 g,2,519,410.17,,
20260201,20260212,Pune,Chaayos,beverages,energy-soft-drinks,icetea-non-aerated-drink,40348265,Chaayos instant-lemon-iced-tea-premix 220 g  (20 g x 10),220 g,6,636,527.88,,
20260201,20260212,Bangalore,Chaayos,snacks-branded-foods,chocolates-candies,gift-boxes,40357178,Chaayos festival-gift-box-masala-adrak-elaichi-chai 200 g  (2x100 g),200 g,3,1947,1654.95,,
20260201,20260212,Bangalore,Chaayos,beverages,tea,leaf-dust-tea,40348268,Chaayos adrakh-elaichi-instant-tea-premix 120 g  (15 x 8 g each),120 g,17,3553,3115.73,,
20260201,20260212,Gurgaon,Chaayos,beverages,tea,leaf-dust-tea,40348268,Chaayos adrakh-elaichi-instant-tea-premix 120 g  (15 x 8 g each),120 g,13,2717,2390.41,,
20260201,20260212,Mumbai,Chaayos,beverages,energy-soft-drinks,icetea-non-aerated-drink,40348265,Chaayos instant-lemon-iced-tea-premix 220 g  (20 g x 10),220 g,18,2142,1777.86,,
20260201,20260212,Ahmedabad-Gandhinagar,Chaayos,beverages,energy-soft-drinks,icetea-non-aerated-drink,40348265,Chaayos instant-lemon-iced-tea-premix 220 g  (20 g x 10),220 g,1,106,87.98,,
20260201,20260212,Bangalore,Chaayos,gourmet-world-food,drinks-beverages,gourmet-tea-tea-bags,40348271,Chaayos detox-kahwa-herbal-green-tea 25 pcs,25 pcs,6,1254,950.95,,
20260201,20260212,Ahmedabad-Gandhinagar,Chaayos,gourmet-world-food,drinks-beverages,gourmet-tea-tea-bags,40348270,Chaayos instant-cardamom-tea-premix 210 g  (14 g x 15),210 g,2,378,321.3,,
20260201,20260212,Chennai,Chaayos,beverages,tea,leaf-dust-tea,40348266,Chaayos adrakh-elaichi-instant-chai-tea 250 g,250 g,11,2200,1802.68,,
20260201,20260212,Gurgaon,Chaayos,gourmet-world-food,drinks-beverages,gourmet-tea-tea-bags,40194562,Chaayos instant-desi-masala-chai-tea 25 pcs,25 pcs,3,477,405.45,,
20260201,20260212,Chennai,Chaayos,gourmet-world-food,drinks-beverages,gourmet-tea-tea-bags,40194562,Chaayos instant-desi-masala-chai-tea 25 pcs,25 pcs,1,159,149.46,,
20260201,20260212,Hyderabad,Chaayos,beverages,energy-soft-drinks,icetea-non-aerated-drink,40348264,Chaayos instant-peach-iced-tea-premix 220 g  (22 g x 10),220 g,10,1190,911.54,,
20260201,20260212,Mumbai,Chaayos,snacks-branded-foods,chocolates-candies,gift-boxes,40357178,Chaayos festival-gift-box-masala-adrak-elaichi-chai 200 g  (2x100 g),200 g,1,649,551.65,,
20260201,20260212,Mumbai,Chaayos,beverages,tea,leaf-dust-tea,40348268,Chaayos adrakh-elaichi-instant-tea-premix 120 g  (15 x 8 g each),120 g,9,1881,1650.37,,
20260201,20260212,Mumbai,Chaayos,gourmet-world-food,drinks-beverages,gourmet-tea-tea-bags,40194790,Chaayos instant-desi-masala-chai-tea 210 g  (Pack of 15),210 g,1,189,180,,
20260201,20260212,Noida,Chaayos,gourmet-world-food,drinks-beverages,gourmet-tea-tea-bags,40348270,Chaayos instant-cardamom-tea-premix 210 g  (14 g x 15),210 g,1,168,151.12,,
20260201,20260212,Mumbai,Chaayos,gourmet-world-food,drinks-beverages,gourmet-tea-tea-bags,40194562,Chaayos instant-desi-masala-chai-tea 25 pcs,25 pcs,1,199,149.25,,
20260201,20260212,Gurgaon,Chaayos,beverages,energy-soft-drinks,icetea-non-aerated-drink,40348265,Chaayos instant-lemon-iced-tea-premix 220 g  (20 g x 10),220 g,12,1376,1142.08,,
20260201,20260212,Bangalore,Chaayos,beverages,tea,leaf-dust-tea,40348266,Chaayos adrakh-elaichi-instant-chai-tea 250 g,250 g,35,10465,8575,,
20260201,20260212,Bangalore,Chaayos,snacks-branded-foods,chocolates-candies,gift-boxes,40357177,Chaayos pink-festival-gift-box-set-with-tea-snacks 5 pcs  1 Set,5 pcs,1,999,848.95,,
20260201,20260212,Hyderabad,Chaayos,gourmet-world-food,drinks-beverages,gourmet-tea-tea-bags,40348270,Chaayos instant-cardamom-tea-premix 210 g  (14 g x 15),210 g,13,2457,2040.84,,
20260201,20260212,Mumbai,Chaayos,gourmet-world-food,drinks-beverages,gourmet-tea-tea-bags,40348269,Chaayos instant-chai-tea-premix-combo 168 g  (14 g x 12),168 g,1,169,145,,
20260201,20260212,Mumbai,Chaayos,beverages,energy-soft-drinks,icetea-non-aerated-drink,40348264,Chaayos instant-peach-iced-tea-premix 220 g  (22 g x 10),220 g,10,1190,987.7,,
20260201,20260212,Chennai,Chaayos,beverages,tea,leaf-dust-tea,40348267,Chaayos desi-masala-chai-tea 250 g,250 g,12,2280,1801.92,,
20260201,20260212,Pune,Chaayos,gourmet-world-food,drinks-beverages,gourmet-tea-tea-bags,40348269,Chaayos instant-chai-tea-premix-combo 168 g  (14 g x 12),168 g,4,600,510,,
20260201,20260212,Hyderabad,Chaayos,beverages,tea,leaf-dust-tea,40348268,Chaayos adrakh-elaichi-instant-tea-premix 120 g  (15 x 8 g each),120 g,11,2299,1946.06,,
20260201,20260212,Mumbai,Chaayos,beverages,tea,leaf-dust-tea,40348266,Chaayos adrakh-elaichi-instant-chai-tea 250 g,250 g,11,3289,2695,,
20260201,20260212,Chennai,Chaayos,gourmet-world-food,drinks-beverages,gourmet-tea-tea-bags,40348269,Chaayos instant-chai-tea-premix-combo 168 g  (14 g x 12),168 g,6,900,769.8,,
20260201,20260212,Gurgaon,Chaayos,snacks-branded-foods,chocolates-candies,gift-boxes,40357176,Chaayos green-festival-gift-box-set-with-tea-snacks 1 pc,1 pc,1,1599,1359,,
20260201,20260212,Hyderabad,Chaayos,gourmet-world-food,drinks-beverages,gourmet-tea-tea-bags,40194562,Chaayos instant-desi-masala-chai-tea 25 pcs,25 pcs,4,716,588.7,,
20260201,20260212,Pune,Chaayos,beverages,energy-soft-drinks,icetea-non-aerated-drink,40348264,Chaayos instant-peach-iced-tea-premix 220 g  (22 g x 10),220 g,8,848,703.84,,
20260201,20260212,Mysore,Chaayos,gourmet-world-food,drinks-beverages,gourmet-tea-tea-bags,40194559,Chaayos tea-blendchai-adrak-elaichi-premium-flavoured 100 g,100 g,1,199,129.35,,
20260201,20260212,Gurgaon,Chaayos,beverages,tea,leaf-dust-tea,40348266,Chaayos adrakh-elaichi-instant-chai-tea 250 g,250 g,14,4087,3348.88,,
20260201,20260212,Bangalore,Chaayos,beverages,energy-soft-drinks,icetea-non-aerated-drink,40348264,Chaayos instant-peach-iced-tea-premix 220 g  (22 g x 10),220 g,13,1547,1245.93,,
20260201,20260212,Gurgaon,Chaayos,gourmet-world-food,drinks-beverages,gourmet-tea-tea-bags,40348270,Chaayos instant-cardamom-tea-premix 210 g  (14 g x 15),210 g,16,2982,2635.58,,
20260201,20260212,Chennai,Chaayos,beverages,energy-soft-drinks,icetea-non-aerated-drink,40348265,Chaayos instant-lemon-iced-tea-premix 220 g  (20 g x 10),220 g,3,318,263.94,,
20260201,20260212,Hyderabad,Chaayos,beverages,energy-soft-drinks,icetea-non-aerated-drink,40348265,Chaayos instant-lemon-iced-tea-premix 220 g  (20 g x 10),220 g,8,952,761.6,,
20260201,20260212,Mumbai,Chaayos,gourmet-world-food,drinks-beverages,gourmet-tea-tea-bags,40348271,Chaayos detox-kahwa-herbal-green-tea 25 pcs,25 pcs,4,836,647.9,,
20260201,20260212,Pune,Chaayos,gourmet-world-food,drinks-beverages,gourmet-tea-tea-bags,40348270,Chaayos instant-cardamom-tea-premix 210 g  (14 g x 15),210 g,1,168,151.12,,
20260201,20260212,Bangalore,Chaayos,gourmet-world-food,drinks-beverages,gourmet-tea-tea-bags,40348270,Chaayos instant-cardamom-tea-premix 210 g  (14 g x 15),210 g,27,5103,4496.67,,
