Date,SKU Name,SKU ID,City,Brand Name,Manufacturer ID,Manufacturer Name,SKU Category,Quantity,GMV
01/04/2025,Jaldhara Nimbu Shikanji Instant Drink Mix 90.0 GRAM,e60c96b4-afc6-47cd-a732-3317572ba370,Hyderabad,Jaldhara,ecw23t6e5a-52d2asdf38817-d9fe-4edf-234c,Jaldhara,"Tea, Coffee & More",27,3483
01/04/2025,Jaldhara Nimbu Shikanji Instant Drink Mix 90.0 GRAM,e60c96b4-afc6-47cd-a732-3317572ba370,Saharanpur,Jaldhara,ecw23t6e5a-52d2asdf38817-d9fe-4edf-234c,Jaldhara,"Tea, Coffee & More",12,1548
01/04/2025,Jaldhara Nimbu Shikanji Instant Drink Mix 90.0 GRAM,e60c96b4-afc6-47cd-a732-3317572ba370,Bengaluru,Jaldhara,ecw23t6e5a-52d2asdf38817-d9fe-4edf-234c,Jaldhara,"Tea, Coffee & More",18,2322
01/04/2025,Jaldhara Nimbu Shikanji Instant Drink Mix 90.0 GRAM,e60c96b4-afc6-47cd-a732-3317572ba370,Indore,Jaldhara,ecw23t6e5a-52d2asdf38817-d9fe-4edf-234c,Jaldhara,"Tea, Coffee & More",9,1161
01/04/2025,Jaldhara Nimbu Shikanji Instant Drink Mix 90.0 GRAM,e60c96b4-afc6-47cd-a732-3317572ba370,Mumbai,Jaldhara,ecw23t6e5a-52d2asdf38817-d9fe-4edf-234c,Jaldhara,"Tea, Coffee & More",16,2064
01/04/2025,Jaldhara Nimbu Shikanji Instant Drink Mix 90.0 GRAM,e60c96b4-afc6-47cd-a732-3317572ba370,Ahmedabad,Jaldhara,ecw23t6e5a-52d2asdf38817-d9fe-4edf-234c,Jaldhara,"Tea, Coffee & More",7,903
01/04/2025,Jaldhara Nimbu Shikanji Instant Drink Mix 90.0 GRAM,e60c96b4-afc6-47cd-a732-3317572ba370,Chandigarh,Jaldhara,ecw23t6e5a-52d2asdf38817-d9fe-4edf-234c,Jaldhara,"Tea, Coffee & More",11,1419
01/04/2025,Jaldhara Nimbu Shikanji Instant Drink Mix 225.0 GRAM,73316a9f-0bfe-41ae-8a77-1c4b6647ffa1,Bengaluru,Jaldhara,ecw23t6e5a-52d2asdf38817-d9fe-4edf-234c,Jaldhara,"Tea, Coffee & More",17,3213
01/04/2025,Jaldhara Nimbu Shikanji Instant Drink Mix 225.0 GRAM,73316a9f-0bfe-41ae-8a77-1c4b6647ffa1,Hyderabad,Jaldhara,ecw23t6e5a-52d2asdf38817-d9fe-4edf-234c,Jaldhara,"Tea, Coffee & More",17,3213
01/04/2025,Jaldhara Nimbu Shikanji Instant Drink Mix 225.0 GRAM,73316a9f-0bfe-41ae-8a77-1c4b6647ffa1,Pune,Jaldhara,ecw23t6e5a-52d2asdf38817-d9fe-4edf-234c,Jaldhara,"Tea, Coffee & More",14,2646
01/04/2025,Jaldhara Nimbu Shikanji Instant Drink Mix 225.0 GRAM,73316a9f-0bfe-41ae-8a77-1c4b6647ffa1,Patna,Jaldhara,ecw23t6e5a-52d2asdf38817-d9fe-4edf-234c,Jaldhara,"Tea, Coffee & More",10,1890
01/04/2025,Jaldhara Nimbu Shikanji Instant Drink Mix 225.0 GRAM,73316a9f-0bfe-41ae-8a77-1c4b6647ffa1,Saharanpur,Jaldhara,ecw23t6e5a-52d2asdf38817-d9fe-4edf-234c,Jaldhara,"Tea, Coffee & More",21,3969
01/04/2025,Jaldhara Nimbu Shikanji Instant Drink Mix 225.0 GRAM,73316a9f-0bfe-41ae-8a77-1c4b6647ffa1,Faridabad,Jaldhara,ecw23t6e5a-52d2asdf38817-d9fe-4edf-234c,Jaldhara,"Tea, Coffee & More",14,2646
01/04/2025,Jaldhara Nimbu Shikanji Instant Drink Mix 225.0 GRAM,73316a9f-0bfe-41ae-8a77-1c4b6647ffa1,Vijayawada,Jaldhara,ecw23t6e5a-52d2asdf38817-d9fe-4edf-234c,Jaldhara,"Tea, Coffee & More",18,3402
01/04/2025,Jaldhara Nimbu Shikanji Instant Drink Mix 450.0 GRAM,b5e8fcfb-d267-4df8-b54c-1154b6a01027,Noida,Jaldhara,ecw23t6e5a-52d2asdf38817-d9fe-4edf-234c,Jaldhara,"Tea, Coffee & More",9,3141
01/04/2025,Jaldhara Nimbu Shikanji Instant Drink Mix 450.0 GRAM,b5e8fcfb-d267-4df8-b54c-1154b6a01027,Kolkata,Jaldhara,ecw23t6e5a-52d2asdf38817-d9fe-4edf-234c,Jaldhara,"Tea, Coffee & More",11,3839
01/04/2025,Jaldhara Nimbu Shikanji Instant Drink Mix 450.0 GRAM,b5e8fcfb-d267-4df8-b54c-1154b6a01027,Chandigarh,Jaldhara,ecw23t6e5a-52d2asdf38817-d9fe-4edf-234c,Jaldhara,"Tea, Coffee & More",7,2443
01/04/2025,Jaldhara Nimbu Shikanji Instant Drink Mix 450.0 GRAM,b5e8fcfb-d267-4df8-b54c-1154b6a01027,Kochi,Jaldhara,ecw23t6e5a-52d2asdf38817-d9fe-4edf-234c,Jaldhara,"Tea, Coffee & More",14,4886
01/04/2025,Jaldhara Nimbu Shikanji Instant Drink Mix 450.0 GRAM,b5e8fcfb-d267-4df8-b54c-1154b6a01027,Vijayawada,Jaldhara,ecw23t6e5a-52d2asdf38817-d9fe-4edf-234c,Jaldhara,"Tea, Coffee & More",11,3839
01/04/2025,Jaldhara Nimbu Shikanji Instant Drink Mix 450.0 GRAM,b5e8fcfb-d267-4df8-b54c-1154b6a01027,Chennai,Jaldhara,ecw23t6e5a-52d2asdf38817-d9fe-4edf-234c,Jaldhara,"Tea, Coffee & More",9,3141
01/04/2025,Jaldhara Nimbu Shikanji Instant Drink Mix 450.0 GRAM,b5e8fcfb-d267-4df8-b54c-1154b6a01027,Jaipur,Jaldhara,ecw23t6e5a-52d2asdf38817-d9fe-4edf-234c,Jaldhara,"Tea, Coffee & More",12,4188
01/04/2025,Jaldhara Nimbu Shikanji Instant Drink Mix 450.0 GRAM,b5e8fcfb-d267-4df8-b54c-1154b6a01027,Lucknow,Jaldhara,ecw23t6e5a-52d2asdf38817-d9fe-4edf-234c,Jaldhara,"Tea, Coffee & More",11,3839
01/04/2025,Jaldhara Nimbu Shikanji Instant Drink Mix 450.0 GRAM,b5e8fcfb-d267-4df8-b54c-1154b6a01027,Delhi,Jaldhara,ecw23t6e5a-52d2asdf38817-d9fe-4edf-234c,Jaldhara,"Tea, Coffee & More",11,3839
01/04/2025,Jaldhara Kala Namak Lemonade Instant Drink Mix 90.0 GRAM,02f8acdf-bc5e-4970-912e-feadc184c785,Pune,Jaldhara,ecw23t6e5a-52d2asdf38817-d9fe-4edf-234c,Jaldhara,"Tea, Coffee & More",10,1290
01/04/2025,Jaldhara Kala Namak Lemonade Instant Drink Mix 90.0 GRAM,02f8acdf-bc5e-4970-912e-feadc184c785,Chandigarh,Jaldhara,ecw23t6e5a-52d2asdf38817-d9fe-4edf-234c,Jaldhara,"Tea, Coffee & More",13,1677
01/04/2025,Jaldhara Kala Namak Lemonade Instant Drink Mix 90.0 GRAM,02f8acdf-bc5e-4970-912e-feadc184c785,Noida,Jaldhara,ecw23t6e5a-52d2asdf38817-d9fe-4edf-234c,Jaldhara,"Tea, Coffee & More",11,1419
01/04/2025,Jaldhara Kala Namak Lemonade Instant Drink Mix 90.0 GRAM,02f8acdf-bc5e-4970-912e-feadc184c785,Surat,Jaldhara,ecw23t6e5a-52d2asdf38817-d9fe-4edf-234c,Jaldhara,"Tea, Coffee & More",14,1806
01/04/2025,Jaldhara Kala Namak Lemonade Instant Drink Mix 90.0 GRAM,02f8acdf-bc5e-4970-912e-feadc184c785,Vijayawada,Jaldhara,ecw23t6e5a-52d2asdf38817-d9fe-4edf-234c,Jaldhara,"Tea, Coffee & More",12,1548
01/04/2025,Jaldhara Kala Namak Lemonade Instant Drink Mix 90.0 GRAM,02f8acdf-bc5e-4970-912e-feadc184c785,Gurugram,Jaldhara,ecw23t6e5a-52d2asdf38817-d9fe-4edf-234c,Jaldhara,"Tea, Coffee & More",19,2451
01/04/2025,Jaldhara Kala Namak Lemonade Instant Drink Mix 90.0 GRAM,02f8acdf-bc5e-4970-912e-feadc184c785,Faridabad,Jaldhara,ecw23t6e5a-52d2asdf38817-d9fe-4edf-234c,Jaldhara,"Tea, Coffee & More",12,1548
01/04/2025,Jaldhara Kala Namak Lemonade Instant Drink Mix 90.0 GRAM,02f8acdf-bc5e-4970-912e-feadc184c785,Mumbai,Jaldhara,ecw23t6e5a-52d2asdf38817-d9fe-4edf-234c,Jaldhara,"Tea, Coffee & More",18,2322
01/04/2025,Jaldhara Kala Namak Lemonade Instant Drink Mix 225.0 GRAM,8497232c-cb60-4d49-9a8c-fc388c0a7b2d,Kolkata,Jaldhara,ecw23t6e5a-52d2asdf38817-d9fe-4edf-234c,Jaldhara,"Tea, Coffee & More",14,2506
01/04/2025,Jaldhara Kala Namak Lemonade Instant Drink Mix 225.0 GRAM,8497232c-cb60-4d49-9a8c-fc388c0a7b2d,Surat,Jaldhara,ecw23t6e5a-52d2asdf38817-d9fe-4edf-234c,Jaldhara,"Tea, Coffee & More",11,1969
01/04/2025,Jaldhara Kala Namak Lemonade Instant Drink Mix 225.0 GRAM,8497232c-cb60-4d49-9a8c-fc388c0a7b2d,Indore,Jaldhara,ecw23t6e5a-52d2asdf38817-d9fe-4edf-234c,Jaldhara,"Tea, Coffee & More",13,2327
01/04/2025,Jaldhara Kala Namak Lemonade Instant Drink Mix 225.0 GRAM,8497232c-cb60-4d49-9a8c-fc388c0a7b2d,Faridabad,Jaldhara,ecw23t6e5a-52d2asdf38817-d9fe-4edf-234c,Jaldhara,"Tea, Coffee & More",9,1611
01/04/2025,Jaldhara Kala Namak Lemonade Instant Drink Mix 225.0 GRAM,8497232c-cb60-4d49-9a8c-fc388c0a7b2d,Gurugram,Jaldhara,ecw23t6e5a-52d2asdf38817-d9fe-4edf-234c,Jaldhara,"Tea, Coffee & More",25,4475
01/04/2025,Jaldhara Kala Namak Lemonade Instant Drink Mix 225.0 GRAM,8497232c-cb60-4d49-9a8c-fc388c0a7b2d,Ahmedabad,Jaldhara,ecw23t6e5a-52d2asdf38817-d9fe-4edf-234c,Jaldhara,"Tea, Coffee & More",11,1969
01/04/2025,Jaldhara Kala Namak Lemonade Instant Drink Mix 225.0 GRAM,8497232c-cb60-4d49-9a8c-fc388c0a7b2d,Delhi,Jaldhara,ecw23t6e5a-52d2asdf38817-d9fe-4edf-234c,Jaldhara,"Tea, Coffee & More",23,4117
01/04/2025,Jaldhara Kala Namak Lemonade Instant Drink Mix 225.0 GRAM,8497232c-cb60-4d49-9a8c-fc388c0a7b2d,Chandigarh,Jaldhara,ecw23t6e5a-52d2asdf38817-d9fe-4edf-234c,Jaldhara,"Tea, Coffee & More",6,1074
01/04/2025,Jaldhara Kala Namak Lemonade Instant Drink Mix 225.0 GRAM,8497232c-cb60-4d49-9a8c-fc388c0a7b2d,Hyderabad,Jaldhara,ecw23t6e5a-52d2asdf38817-d9fe-4edf-234c,Jaldhara,"Tea, Coffee & More",18,3222
01/04/2025,Jaldhara Kala Namak Lemonade Instant Drink Mix 225.0 GRAM,8497232c-cb60-4d49-9a8c-fc388c0a7b2d,Saharanpur,Jaldhara,ecw23t6e5a-52d2asdf38817-d9fe-4edf-234c,Jaldhara,"Tea, Coffee & More",6,1074
01/04/2025,Jaldhara Kala Namak Lemonade Instant Drink Mix 225.0 GRAM,8497232c-cb60-4d49-9a8c-fc388c0a7b2d,Puducherry,Jaldhara,ecw23t6e5a-52d2asdf38817-d9fe-4edf-234c,Jaldhara,"Tea, Coffee & More",12,2148
01/04/2025,Jaldhara Kala Namak Lemonade Instant Drink Mix 225.0 GRAM,8497232c-cb60-4d49-9a8c-fc388c0a7b2d,Faridabad,Jaldhara,ecw23t6e5a-52d2asdf38817-d9fe-4edf-234c,Jaldhara,"Tea, Coffee & More",7,1253
01/04/2025,Jaldhara Kala Namak Lemonade Instant Drink Mix 225.0 GRAM,8497232c-cb60-4d49-9a8c-fc388c0a7b2d,Chennai,Jaldhara,ecw23t6e5a-52d2asdf38817-d9fe-4edf-234c,Jaldhara,"Tea, Coffee & More",15,2685
01/04/2025,Jaldhara Kala Namak Lemonade Instant Drink Mix 225.0 GRAM,8497232c-cb60-4d49-9a8c-fc388c0a7b2d,Patna,Jaldhara,ecw23t6e5a-52d2asdf38817-d9fe-4edf-234c,Jaldhara,"Tea, Coffee & More",17,3043
01/04/2025,Jaldhara Kala Namak Lemonade Instant Drink Mix 450.0 GRAM,acce8de1-a36e-44e9-99f3-cffa6a43eecf,Bengaluru,Jaldhara,ecw23t6e5a-52d2asdf38817-d9fe-4edf-234c,Jaldhara,"Tea, Coffee & More",15,5085
01/04/2025,Jaldhara Kala Namak Lemonade Instant Drink Mix 450.0 GRAM,acce8de1-a36e-44e9-99f3-cffa6a43eecf,Chandigarh,Jaldhara,ecw23t6e5a-52d2asdf38817-d9fe-4edf-234c,Jaldhara,"Tea, Coffee & More",1,339
01/04/2025,Jaldhara Kala Namak Lemonade Instant Drink Mix 450.0 GRAM,acce8de1-a36e-44e9-99f3-cffa6a43eecf,Chennai,Jaldhara,ecw23t6e5a-52d2asdf38817-d9fe-4edf-234c,Jaldhara,"Tea, Coffee & More",6,2034
01/04/2025,Jaldhara Kala Namak Lemonade Instant Drink Mix 450.0 GRAM,acce8de1-a36e-44e9-99f3-cffa6a43eecf,Ahmedabad,Jaldhara,ecw23t6e5a-52d2asdf38817-d9fe-4edf-234c,Jaldhara,"Tea, Coffee & More",12,4068
01/04/2025,Jaldhara Kala Namak Lemonade Instant Drink Mix 450.0 GRAM,acce8de1-a36e-44e9-99f3-cffa6a43eecf,Lucknow,Jaldhara,ecw23t6e5a-52d2asdf38817-d9fe-4edf-234c,Jaldhara,"Tea, Coffee & More",11,3729
01/04/2025,Jaldhara Kala Namak Lemonade Instant Drink Mix 450.0 GRAM,acce8de1-a36e-44e9-99f3-cffa6a43eecf,Indore,Jaldhara,ecw23t6e5a-52d2asdf38817-d9fe-4edf-234c,Jaldhara,"Tea, Coffee & More",9,3051
01/04/2025,Jaldhara Kala Namak Lemonade Instant Drink Mix 450.0 GRAM,acce8de1-a36e-44e9-99f3-cffa6a43eecf,Puducherry,Jaldhara,ecw23t6e5a-52d2asdf38817-d9fe-4edf-234c,Jaldhara,"Tea, Coffee & More",5,1695
01/04/2025,Jaldhara Kala Namak Lemonade Instant Drink Mix 450.0 GRAM,acce8de1-a36e-44e9-99f3-cffa6a43eecf,Faridabad,Jaldhara,ecw23t6e5a-52d2asdf38817-d9fe-4edf-234c,Jaldhara,"Tea, Coffee & More",8,2712
01/04/2025,Jaldhara Kala Namak Lemonade Instant Drink Mix 450.0 GRAM,acce8de1-a36e-44e9-99f3-cffa6a43eecf,Delhi,Jaldhara,ecw23t6e5a-52d2asdf38817-d9fe-4edf-234c,Jaldhara,"Tea, Coffee & More",10,3390
01/04/2025,Jaldhara Mango Iced Drink Instant Premix 10.0 PIECE,cdec9ff9-5652-40b9-a0e8-9486df317de2,Saharanpur,Jaldhara,ecw23t6e5a-52d2asdf38817-d9fe-4edf-234c,Jaldhara,"Drinks, Beverages",22,2178
01/04/2025,Jaldhara Mango Iced Drink Instant Premix 10.0 PIECE,cdec9ff9-5652-40b9-a0e8-9486df317de2,Pune,Jaldhara,ecw23t6e5a-52d2asdf38817-d9fe-4edf-234c,Jaldhara,"Drinks, Beverages",15,1485
01/04/2025,Jaldhara Mango Iced Drink Instant Premix 10.0 PIECE,cdec9ff9-5652-40b9-a0e8-9486df317de2,Mumbai,Jaldhara,ecw23t6e5a-52d2asdf38817-d9fe-4edf-234c,Jaldhara,"Drinks, Beverages",20,1980
01/04/2025,Jaldhara Mango Iced Drink Instant Premix 10.0 PIECE,cdec9ff9-5652-40b9-a0e8-9486df317de2,Kolkata,Jaldhara,ecw23t6e5a-52d2asdf38817-d9fe-4edf-234c,Jaldhara,"Drinks, Beverages",25,2475
01/04/2025,Jaldhara Mango Iced Drink Instant Premix 10.0 PIECE,cdec9ff9-5652-40b9-a0e8-9486df317de2,Delhi,Jaldhara,ecw23t6e5a-52d2asdf38817-d9fe-4edf-234c,Jaldhara,"Drinks, Beverages",26,2574
01/04/2025,Jaldhara Mango Iced Drink Instant Premix 10.0 PIECE,cdec9ff9-5652-40b9-a0e8-9486df317de2,Lucknow,Jaldhara,ecw23t6e5a-52d2asdf38817-d9fe-4edf-234c,Jaldhara,"Drinks, Beverages",7,693
01/04/2025,Jaldhara Mango Iced Drink Instant Premix 10.0 PIECE,cdec9ff9-5652-40b9-a0e8-9486df317de2,Surat,Jaldhara,ecw23t6e5a-52d2asdf38817-d9fe-4edf-234c,Jaldhara,"Drinks, Beverages",23,2277
01/04/2025,Jaldhara Mango Iced Drink Instant Premix 10.0 PIECE,cdec9ff9-5652-40b9-a0e8-9486df317de2,Faridabad,Jaldhara,ecw23t6e5a-52d2asdf38817-d9fe-4edf-234c,Jaldhara,"Drinks, Beverages",14,1386
01/04/2025,Jaldhara Mango Iced Drink Instant Premix 10.0 PIECE,cdec9ff9-5652-40b9-a0e8-9486df317de2,Kochi,Jaldhara,ecw23t6e5a-52d2asdf38817-d9fe-4edf-234c,Jaldhara,"Drinks, Beverages",16,1584
01/04/2025,Jaldhara Mango Iced Drink Instant Premix 10.0 PIECE,cdec9ff9-5652-40b9-a0e8-9486df317de2,Gurugram,Jaldhara,ecw23t6e5a-52d2asdf38817-d9fe-4edf-234c,Jaldhara,"Drinks, Beverages",25,2475
01/04/2025,Jaldhara Mango Iced Drink Instant Premix 10.0 PIECE,cdec9ff9-5652-40b9-a0e8-9486df317de2,Indore,Jaldhara,ecw23t6e5a-52d2asdf38817-d9fe-4edf-234c,Jaldhara,"Drinks, Beverages",14,1386
01/04/2025,Jaldhara Mango Iced Drink Instant Premix 10.0 PIECE,cdec9ff9-5652-40b9-a0e8-9486df317de2,Puducherry,Jaldhara,ecw23t6e5a-52d2asdf38817-d9fe-4edf-234c,Jaldhara,"Drinks, Beverages",13,1287
01/04/2025,Jaldhara Watermelon Iced Drink Instant Premix 1.0 PIECE,edb7e32a-edce-43fc-8336-ea9ad173367d,Noida,Jaldhara,ecw23t6e5a-52d2asdf38817-d9fe-4edf-234c,Jaldhara,"Drinks, Beverages",10,990
01/04/2025,Jaldhara Watermelon Iced Drink Instant Premix 1.0 PIECE,edb7e32a-edce-43fc-8336-ea9ad173367d,Delhi,Jaldhara,ecw23t6e5a-52d2asdf38817-d9fe-4edf-234c,Jaldhara,"Drinks, Beverages",9,891
01/04/2025,Jaldhara Watermelon Iced Drink Instant Premix 1.0 PIECE,edb7e32a-edce-43fc-8336-ea9ad173367d,Chandigarh,Jaldhara,ecw23t6e5a-52d2asdf38817-d9fe-4edf-234c,Jaldhara,"Drinks, Beverages",8,792
01/04/2025,Jaldhara Watermelon Iced Drink Instant Premix 1.0 PIECE,edb7e32a-edce-43fc-8336-ea9ad173367d,Chennai,Jaldhara,ecw23t6e5a-52d2asdf38817-d9fe-4edf-234c,Jaldhara,"Drinks, Beverages",14,1386
01/04/2025,Jaldhara Watermelon Iced Drink Instant Premix 1.0 PIECE,edb7e32a-edce-43fc-8336-ea9ad173367d,Surat,Jaldhara,ecw23t6e5a-52d2asdf38817-d9fe-4edf-234c,Jaldhara,"Drinks, Beverages",8,792
01/04/2025,Jaldhara Kewra Sharbat Concentrate 150.0 GRAM,35d89461-131c-41df-b58b-55d338100344,Hyderabad,Jaldhara,ecw23t6e5a-52d2asdf38817-d9fe-4edf-234c,Jaldhara,"Drinks, Beverages",14,2646
01/04/2025,Jaldhara Kewra Sharbat Concentrate 150.0 GRAM,35d89461-131c-41df-b58b-55d338100344,Kolkata,Jaldhara,ecw23t6e5a-52d2asdf38817-d9fe-4edf-234c,Jaldhara,"Drinks, Beverages",14,2646
01/04/2025,Jaldhara Kewra Sharbat Concentrate 150.0 GRAM,35d89461-131c-41df-b58b-55d338100344,Faridabad,Jaldhara,ecw23t6e5a-52d2asdf38817-d9fe-4edf-234c,Jaldhara,"Drinks, Beverages",7,1323
01/04/2025,Jaldhara Kewra Sharbat Concentrate 150.0 GRAM,35d89461-131c-41df-b58b-55d338100344,Indore,Jaldhara,ecw23t6e5a-52d2asdf38817-d9fe-4edf-234c,Jaldhara,"Drinks, Beverages",7,1323
01/04/2025,Jaldhara Kewra Sharbat Concentrate 150.0 GRAM,35d89461-131c-41df-b58b-55d338100344,Ahmedabad,Jaldhara,ecw23t6e5a-52d2asdf38817-d9fe-4edf-234c,Jaldhara,"Drinks, Beverages",3,567
01/04/2025,Jaldhara Kewra Sharbat Concentrate 150.0 GRAM,35d89461-131c-41df-b58b-55d338100344,Lucknow,Jaldhara,ecw23t6e5a-52d2asdf38817-d9fe-4edf-234c,Jaldhara,"Drinks, Beverages",6,1134
01/04/2025,Jaldhara Kewra Sharbat Concentrate 150.0 GRAM,35d89461-131c-41df-b58b-55d338100344,Gurugram,Jaldhara,ecw23t6e5a-52d2asdf38817-d9fe-4edf-234c,Jaldhara,"Drinks, Beverages",9,1701
01/04/2025,Jaldhara Kewra Sharbat Concentrate 150.0 GRAM,35d89461-131c-41df-b58b-55d338100344,Jaipur,Jaldhara,ecw23t6e5a-52d2asdf38817-d9fe-4edf-234c,Jaldhara,"Drinks, Beverages",7,1323
01/04/2025,Jaldhara Kewra Sharbat Concentrate 150.0 GRAM,35d89461-131c-41df-b58b-55d338100344,Pune,Jaldhara,ecw23t6e5a-52d2asdf38817-d9fe-4edf-234c,Jaldhara,"Drinks, Beverages",8,1512
01/04/2025,Jaldhara Kewra Sharbat Concentrate 150.0 GRAM,35d89461-131c-41df-b58b-55d338100344,Chennai,Jaldhara,ecw23t6e5a-52d2asdf38817-d9fe-4edf-234c,Jaldhara,"Drinks, Beverages",9,1701
01/04/2025,Jaldhara Kewra Sharbat Concentrate 150.0 GRAM,35d89461-131c-41df-b58b-55d338100344,Surat,Jaldhara,ecw23t6e5a-52d2asdf38817-d9fe-4edf-234c,Jaldhara,"Drinks, Beverages",3,567
01/04/2025,Jaldhara Lemon Electrolyte Instant Drink Mix 280.0 GRAM,1c201250-7a13-4028-9127-732e71dc69cc,Kolkata,Jaldhara,ecw23t6e5a-52d2asdf38817-d9fe-4edf-234c,Jaldhara,"Drinks, Beverages",14,2450
01/04/2025,Jaldhara Lemon Electrolyte Instant Drink Mix 280.0 GRAM,1c201250-7a13-4028-9127-732e71dc69cc,Patna,Jaldhara,ecw23t6e5a-52d2asdf38817-d9fe-4edf-234c,Jaldhara,"Drinks, Beverages",9,1575
01/04/2025,Jaldhara Lemon Electrolyte Instant Drink Mix 280.0 GRAM,1c201250-7a13-4028-9127-732e71dc69cc,Surat,Jaldhara,ecw23t6e5a-52d2asdf38817-d9fe-4edf-234c,Jaldhara,"Drinks, Beverages",6,1050
01/04/2025,Jaldhara Lemon Electrolyte Instant Drink Mix 280.0 GRAM,1c201250-7a13-4028-9127-732e71dc69cc,Pune,Jaldhara,ecw23t6e5a-52d2asdf38817-d9fe-4edf-234c,Jaldhara,"Drinks, Beverages",12,2100
01/04/2025,Jaldhara Lemon Electrolyte Instant Drink Mix 280.0 GRAM,1c201250-7a13-4028-9127-732e71dc69cc,Noida,Jaldhara,ecw23t6e5a-52d2asdf38817-d9fe-4edf-234c,Jaldhara,"Drinks, Beverages",14,2450
01/04/2025,Jaldhara Lemon Electrolyte Instant Drink Mix 280.0 GRAM,1c201250-7a13-4028-9127-732e71dc69cc,Faridabad,Jaldhara,ecw23t6e5a-52d2asdf38817-d9fe-4edf-234c,Jaldhara,"Drinks, Beverages",6,1050
01/04/2025,Jaldhara Lemon Electrolyte Instant Drink Mix 280.0 GRAM,1c201250-7a13-4028-9127-732e71dc69cc,Bengaluru,Jaldhara,ecw23t6e5a-52d2asdf38817-d9fe-4edf-234c,Jaldhara,"Drinks, Beverages",14,2450
01/04/2025,Jaldhara Orange Electrolyte Instant Drink Mix 1.0 PIECE,2423bc22-e80c-4e65-bc57-bf64aaae33e3,Patna,Jaldhara,ecw23t6e5a-52d2asdf38817-d9fe-4edf-234c,Jaldhara,"Drinks, Beverages",11,1738
01/04/2025,Jaldhara Orange Electrolyte Instant Drink Mix 1.0 PIECE,2423bc22-e80c-4e65-bc57-bf64aaae33e3,Hyderabad,Jaldhara,ecw23t6e5a-52d2asdf38817-d9fe-4edf-234c,Jaldhara,"Drinks, Beverages",13,2054
01/04/2025,Jaldhara Orange Electrolyte Instant Drink Mix 1.0 PIECE,2423bc22-e80c-4e65-bc57-bf64aaae33e3,Delhi,Jaldhara,ecw23t6e5a-52d2asdf38817-d9fe-4edf-234c,Jaldhara,"Drinks, Beverages",18,2844
01/04/2025,Jaldhara Orange Electrolyte Instant Drink Mix 1.0 PIECE,2423bc22-e80c-4e65-bc57-bf64aaae33e3,Surat,Jaldhara,ecw23t6e5a-52d2asdf38817-d9fe-4edf-234c,Jaldhara,"Drinks, Beverages",14,2212
01/04/2025,Jaldhara Orange Electrolyte Instant Drink Mix 1.0 PIECE,2423bc22-e80c-4e65-bc57-bf64aaae33e3,Pune,Jaldhara,ecw23t6e5a-52d2asdf38817-d9fe-4edf-234c,Jaldhara,"Drinks, Beverages",7,1106
01/04/2025,Jaldhara Masala Lime Electrolyte Instant Drink Mix 1.0 PIECE,5d5dd6ec-b942-4498-b462-c149435ac148,Faridabad,Jaldhara,ecw23t6e5a-52d2asdf38817-d9fe-4edf-234c,Jaldhara,"Drinks, Beverages",14,2212
01/04/2025,Jaldhara Masala Lime Electrolyte Instant Drink Mix 1.0 PIECE,5d5dd6ec-b942-4498-b462-c149435ac148,Lucknow,Jaldhara,ecw23t6e5a-52d2asdf38817-d9fe-4edf-234c,Jaldhara,"Drinks, Beverages",10,1580
01/04/2025,Jaldhara Masala Lime Electrolyte Instant Drink Mix 1.0 PIECE,5d5dd6ec-b942-4498-b462-c149435ac148,Vijayawada,Jaldhara,ecw23t6e5a-52d2asdf38817-d9fe-4edf-234c,Jaldhara,"Drinks, Beverages",10,1580
01/04/2025,Jaldhara Masala Lime Electrolyte Instant Drink Mix 1.0 PIECE,5d5dd6ec-b942-4498-b462-c149435ac148,Pune,Jaldhara,ecw23t6e5a-52d2asdf38817-d9fe-4edf-234c,Jaldhara,"Drinks, Beverages",13,2054
01/04/2025,Jaldhara Masala Lime Electrolyte Instant Drink Mix 1.0 PIECE,5d5dd6ec-b942-4498-b462-c149435ac148,Chennai,Jaldhara,ecw23t6e5a-52d2asdf38817-d9fe-4edf-234c,Jaldhara,"Drinks, Beverages",11,1738
01/04/2025,Jaldhara Masala Lime Electrolyte Instant Drink Mix 1.0 PIECE,5d5dd6ec-b942-4498-b462-c149435ac148,Saharanpur,Jaldhara,ecw23t6e5a-52d2asdf38817-d9fe-4edf-234c,Jaldhara,"Drinks, Beverages",6,948
01/04/2025,Jaldhara Masala Lime Electrolyte Instant Drink Mix 1.0 PIECE,5d5dd6ec-b942-4498-b462-c149435ac148,Surat,Jaldhara,ecw23t6e5a-52d2asdf38817-d9fe-4edf-234c,Jaldhara,"Drinks, Beverages",8,1264
01/04/2025,Jaldhara Masala Lime Electrolyte Instant Drink Mix 1.0 PIECE,5d5dd6ec-b942-4498-b462-c149435ac148,Hyderabad,Jaldhara,ecw23t6e5a-52d2asdf38817-d9fe-4edf-234c,Jaldhara,"Drinks, Beverages",9,1422
01/04/2025,Jaldhara Masala Lime Electrolyte Instant Drink Mix 1.0 PIECE,5d5dd6ec-b942-4498-b462-c149435ac148,Chandigarh,Jaldhara,ecw23t6e5a-52d2asdf38817-d9fe-4edf-234c,Jaldhara,"Drinks, Beverages",10,1580
01/04/2025,Jaldhara Masala Lime Electrolyte Instant Drink Mix 1.0 PIECE,5d5dd6ec-b942-4498-b462-c149435ac148,Mumbai,Jaldhara,ecw23t6e5a-52d2asdf38817-d9fe-4edf-234c,Jaldhara,"Drinks, Beverages",21,3318
01/04/2025,Jaldhara Masala Lime Electrolyte Instant Drink Mix 1.0 PIECE,5d5dd6ec-b942-4498-b462-c149435ac148,Noida,Jaldhara,ecw23t6e5a-52d2asdf38817-d9fe-4edf-234c,Jaldhara,"Drinks, Beverages",14,2212
01/04/2025,Jaldhara Masala Lime Electrolyte Instant Drink Mix 1.0 PIECE,5d5dd6ec-b942-4498-b462-c149435ac148,Bengaluru,Jaldhara,ecw23t6e5a-52d2asdf38817-d9fe-4edf-234c,Jaldhara,"Drinks, Beverages",22,3476
01/04/2025,Jaldhara Instant Drink Mix Combo Nimbu Shikanji + Aam Panna + Jaljeera 210.0 GRAM,d3661b7f-dce9-4b6a-a9f4-752c8b8a7d06,Hyderabad,Jaldhara,ecw23t6e5a-52d2asdf38817-d9fe-4edf-234c,Jaldhara,"Drinks, Beverages",10,1490
01/04/2025,Jaldhara Instant Drink Mix Combo Nimbu Shikanji + Aam Panna + Jaljeera 210.0 GRAM,d3661b7f-dce9-4b6a-a9f4-752c8b8a7d06,Vijayawada,Jaldhara,ecw23t6e5a-52d2asdf38817-d9fe-4edf-234c,Jaldhara,"Drinks, Beverages",3,447
01/04/2025,Jaldhara Instant Drink Mix Combo Nimbu Shikanji + Aam Panna + Jaljeera 210.0 GRAM,d3661b7f-dce9-4b6a-a9f4-752c8b8a7d06,Surat,Jaldhara,ecw23t6e5a-52d2asdf38817-d9fe-4edf-234c,Jaldhara,"Drinks, Beverages",9,1341
01/04/2025,Jaldhara Instant Drink Mix Combo Nimbu Shikanji + Aam Panna + Jaljeera 210.0 GRAM,d3661b7f-dce9-4b6a-a9f4-752c8b8a7d06,Saharanpur,Jaldhara,ecw23t6e5a-52d2asdf38817-d9fe-4edf-234c,Jaldhara,"Drinks, Beverages",5,745
01/04/2025,Jaldhara Instant Drink Mix Combo Nimbu Shikanji + Aam Panna + Jaljeera 210.0 GRAM,d3661b7f-dce9-4b6a-a9f4-752c8b8a7d06,Kochi,Jaldhara,ecw23t6e5a-52d2asdf38817-d9fe-4edf-234c,Jaldhara,"Drinks, Beverages",4,596
01/04/2025,Jaldhara Instant Drink Mix Combo Nimbu Shikanji + Aam Panna + Jaljeera 210.0 GRAM,d3661b7f-dce9-4b6a-a9f4-752c8b8a7d06,Bengaluru,Jaldhara,ecw23t6e5a-52d2asdf38817-d9fe-4edf-234c,Jaldhara,"Drinks, Beverages",11,1639
01/04/2025,Jaldhara Instant Drink Mix Combo Nimbu Shikanji + Aam Panna + Jaljeera 210.0 GRAM,d3661b7f-dce9-4b6a-a9f4-752c8b8a7d06,Indore,Jaldhara,ecw23t6e5a-52d2asdf38817-d9fe-4edf-234c,Jaldhara,"Drinks, Beverages",8,1192
01/04/2025,Jaldhara Instant Drink Mix Combo Nimbu Shikanji + Aam Panna + Jaljeera 210.0 GRAM,d3661b7f-dce9-4b6a-a9f4-752c8b8a7d06,Chennai,Jaldhara,ecw23t6e5a-52d2asdf38817-d9fe-4edf-234c,Jaldhara,"Drinks, Beverages",15,2235
01/04/2025,Jaldhara Instant Drink Mix Combo Nimbu Shikanji + Aam Panna + Jaljeera 210.0 GRAM,d3661b7f-dce9-4b6a-a9f4-752c8b8a7d06,Faridabad,Jaldhara,ecw23t6e5a-52d2asdf38817-d9fe-4edf-234c,Jaldhara,"Drinks, Beverages",7,1043
01/04/2025,Jaldhara Instant Drink Mix Combo Nimbu Shikanji + Aam Panna + Jaljeera 210.0 GRAM,d3661b7f-dce9-4b6a-a9f4-752c8b8a7d06,Kolkata,Jaldhara,ecw23t6e5a-52d2asdf38817-d9fe-4edf-234c,Jaldhara,"Drinks, Beverages",9,1341
01/04/2025,Jaldhara Instant Drink Mix Combo Nimbu Shikanji + Aam Panna + Jaljeera 210.0 GRAM,d3661b7f-dce9-4b6a-a9f4-752c8b8a7d06,Gurugram,Jaldhara,ecw23t6e5a-52d2asdf38817-d9fe-4edf-234c,Jaldhara,"Drinks, Beverages",17,2533
01/04/2025,Jaldhara Aam Panna Instant Drink Mix 5.0 PIECE,870228cd-fb48-4204-8096-a26e30743272,Mumbai,Jaldhara,ecw23t6e5a-52d2asdf38817-d9fe-4edf-234c,Jaldhara,"Drinks, Beverages",20,1100
01/04/2025,Jaldhara Aam Panna Instant Drink Mix 5.0 PIECE,870228cd-fb48-4204-8096-a26e30743272,Kochi,Jaldhara,ecw23t6e5a-52d2asdf38817-d9fe-4edf-234c,Jaldhara,"Drinks, Beverages",13,715
01/04/2025,Jaldhara Aam Panna Instant Drink Mix 5.0 PIECE,870228cd-fb48-4204-8096-a26e30743272,Noida,Jaldhara,ecw23t6e5a-52d2asdf38817-d9fe-4edf-234c,Jaldhara,"Drinks, Beverages",12,660
01/04/2025,Jaldhara Aam Panna Instant Drink Mix 5.0 PIECE,870228cd-fb48-4204-8096-a26e30743272,Faridabad,Jaldhara,ecw23t6e5a-52d2asdf38817-d9fe-4edf-234c,Jaldhara,"Drinks, Beverages",11,605
01/04/2025,Jaldhara Aam Panna Instant Drink Mix 5.0 PIECE,870228cd-fb48-4204-8096-a26e30743272,Patna,Jaldhara,ecw23t6e5a-52d2asdf38817-d9fe-4edf-234c,Jaldhara,"Drinks, Beverages",12,660
01/04/2025,Jaldhara Aam Panna Instant Drink Mix 5.0 PIECE,870228cd-fb48-4204-8096-a26e30743272,Faridabad,Jaldhara,ecw23t6e5a-52d2asdf38817-d9fe-4edf-234c,Jaldhara,"Drinks, Beverages",9,495
01/04/2025,Jaldhara Aam Panna Instant Drink Mix 5.0 PIECE,870228cd-fb48-4204-8096-a26e30743272,Puducherry,Jaldhara,ecw23t6e5a-52d2asdf38817-d9fe-4edf-234c,Jaldhara,"Drinks, Beverages",10,550
01/04/2025,Jaldhara Jaljeera Instant Drink Mix 5.0 PIECE,a7e8a0f3-71f3-45fb-84b7-cda5b5274565,Bengaluru,Jaldhara,ecw23t6e5a-52d2asdf38817-d9fe-4edf-234c,Jaldhara,"Drinks, Beverages",16,880
01/04/2025,Jaldhara Jaljeera Instant Drink Mix 5.0 PIECE,a7e8a0f3-71f3-45fb-84b7-cda5b5274565,Lucknow,Jaldhara,ecw23t6e5a-52d2asdf38817-d9fe-4edf-234c,Jaldhara,"Drinks, Beverages",6,330
01/04/2025,Jaldhara Jaljeera Instant Drink Mix 5.0 PIECE,a7e8a0f3-71f3-45fb-84b7-cda5b5274565,Puducherry,Jaldhara,ecw23t6e5a-52d2asdf38817-d9fe-4edf-234c,Jaldhara,"Drinks, Beverages",10,550
01/04/2025,Jaldhara Jaljeera Instant Drink Mix 5.0 PIECE,a7e8a0f3-71f3-45fb-84b7-cda5b5274565,Hyderabad,Jaldhara,ecw23t6e5a-52d2asdf38817-d9fe-4edf-234c,Jaldhara,"Drinks, Beverages",14,770
01/04/2025,Jaldhara Jaljeera Instant Drink Mix 5.0 PIECE,a7e8a0f3-71f3-45fb-84b7-cda5b5274565,Delhi,Jaldhara,ecw23t6e5a-52d2asdf38817-d9fe-4edf-234c,Jaldhara,"Drinks, Beverages",11,605
01/04/2025,Jaldhara Jaljeera Instant Drink Mix 5.0 PIECE,a7e8a0f3-71f3-45fb-84b7-cda5b5274565,Kolkata,Jaldhara,ecw23t6e5a-52d2asdf38817-d9fe-4edf-234c,Jaldhara,"Drinks, Beverages",23,1265
01/04/2025,Jaldhara Jaljeera Instant Drink Mix 5.0 PIECE,a7e8a0f3-71f3-45fb-84b7-cda5b5274565,Ahmedabad,Jaldhara,ecw23t6e5a-52d2asdf38817-d9fe-4edf-234c,Jaldhara,"Drinks, Beverages",13,715
01/04/2025,Jaldhara Masala Roasted Makhana 400.0 GRAM,fdec87fa-2eeb-453e-97c0-7b2b23023665,Patna,Jaldhara,ecw23t6e5a-52d2asdf38817-d9fe-4edf-234c,Jaldhara,Snacks & Beverages,8,1120
01/04/2025,Jaldhara Masala Roasted Makhana 400.0 GRAM,fdec87fa-2eeb-453e-97c0-7b2b23023665,Chennai,Jaldhara,ecw23t6e5a-52d2asdf38817-d9fe-4edf-234c,Jaldhara,Snacks & Beverages,12,1680
01/04/2025,Jaldhara Masala Roasted Makhana 400.0 GRAM,fdec87fa-2eeb-453e-97c0-7b2b23023665,Kochi,Jaldhara,ecw23t6e5a-52d2asdf38817-d9fe-4edf-234c,Jaldhara,Snacks & Beverages,9,1260
01/04/2025,Jaldhara Masala Roasted Makhana 400.0 GRAM,fdec87fa-2eeb-453e-97c0-7b2b23023665,Pune,Jaldhara,ecw23t6e5a-52d2asdf38817-d9fe-4edf-234c,Jaldhara,Snacks & Beverages,6,840
01/04/2025,Jaldhara Masala Roasted Makhana 400.0 GRAM,fdec87fa-2eeb-453e-97c0-7b2b23023665,Saharanpur,Jaldhara,ecw23t6e5a-52d2asdf38817-d9fe-4edf-234c,Jaldhara,Snacks & Beverages,11,1540
01/04/2025,Jaldhara Masala Roasted Makhana 400.0 GRAM,fdec87fa-2eeb-453e-97c0-7b2b23023665,Noida,Jaldhara,ecw23t6e5a-52d2asdf38817-d9fe-4edf-234c,Jaldhara,Snacks & Beverages,9,1260
01/04/2025,Jaldhara Masala Roasted Makhana 400.0 GRAM,fdec87fa-2eeb-453e-97c0-7b2b23023665,Mumbai,Jaldhara,ecw23t6e5a-52d2asdf38817-d9fe-4edf-234c,Jaldhara,Snacks & Beverages,11,1540
01/04/2025,Jaldhara Premium Kokum Sharbat Concentrate 450.0 GRAM,18ba72ef-e1b6-4982-a8c6-a6460cf36191,Chennai,Jaldhara,ecw23t6e5a-52d2asdf38817-d9fe-4edf-234c,Jaldhara,"Drinks, Beverages",11,2189
01/04/2025,Jaldhara Premium Kokum Sharbat Concentrate 450.0 GRAM,18ba72ef-e1b6-4982-a8c6-a6460cf36191,Bengaluru,Jaldhara,ecw23t6e5a-52d2asdf38817-d9fe-4edf-234c,Jaldhara,"Drinks, Beverages",8,1592
01/04/2025,Jaldhara Premium Kokum Sharbat Concentrate 450.0 GRAM,18ba72ef-e1b6-4982-a8c6-a6460cf36191,Kochi,Jaldhara,ecw23t6e5a-52d2asdf38817-d9fe-4edf-234c,Jaldhara,"Drinks, Beverages",7,1393
01/04/2025,Jaldhara Premium Kokum Sharbat Concentrate 450.0 GRAM,18ba72ef-e1b6-4982-a8c6-a6460cf36191,Gurugram,Jaldhara,ecw23t6e5a-52d2asdf38817-d9fe-4edf-234c,Jaldhara,"Drinks, Beverages",16,3184
01/04/2025,Jaldhara Premium Kokum Sharbat Concentrate 450.0 GRAM,18ba72ef-e1b6-4982-a8c6-a6460cf36191,Surat,Jaldhara,ecw23t6e5a-52d2asdf38817-d9fe-4edf-234c,Jaldhara,"Drinks, Beverages",4,796
01/04/2025,Jaldhara Premium Kokum Sharbat Concentrate 450.0 GRAM,18ba72ef-e1b6-4982-a8c6-a6460cf36191,Hyderabad,Jaldhara,ecw23t6e5a-52d2asdf38817-d9fe-4edf-234c,Jaldhara,"Drinks, Beverages",11,2189
01/04/2025,Jaldhara Premium Kokum Sharbat Concentrate 450.0 GRAM,18ba72ef-e1b6-4982-a8c6-a6460cf36191,Saharanpur,Jaldhara,ecw23t6e5a-52d2asdf38817-d9fe-4edf-234c,Jaldhara,"Drinks, Beverages",4,796
01/04/2025,Jaldhara Premium Kokum Sharbat Concentrate 450.0 GRAM,18ba72ef-e1b6-4982-a8c6-a6460cf36191,Noida,Jaldhara,ecw23t6e5a-52d2asdf38817-d9fe-4edf-234c,Jaldhara,"Drinks, Beverages",8,1592
01/04/2025,Jaldhara Hibiscus Cooler Herbal Drink Bags 25.0 PIECE,9de5c6f0-1042-40b7-9c06-c5f48dc42b15,Pune,Jaldhara,ecw23t6e5a-52d2asdf38817-d9fe-4edf-234c,Jaldhara,"Drinks, Beverages",8,1432
01/04/2025,Jaldhara Hibiscus Cooler Herbal Drink Bags 25.0 PIECE,9de5c6f0-1042-40b7-9c06-c5f48dc42b15,Kolkata,Jaldhara,ecw23t6e5a-52d2asdf38817-d9fe-4edf-234c,Jaldhara,"Drinks, Beverages",4,716
01/04/2025,Jaldhara Hibiscus Cooler Herbal Drink Bags 25.0 PIECE,9de5c6f0-1042-40b7-9c06-c5f48dc42b15,Chennai,Jaldhara,ecw23t6e5a-52d2asdf38817-d9fe-4edf-234c,Jaldhara,"Drinks, Beverages",12,2148
01/04/2025,Jaldhara Hibiscus Cooler Herbal Drink Bags 25.0 PIECE,9de5c6f0-1042-40b7-9c06-c5f48dc42b15,Faridabad,Jaldhara,ecw23t6e5a-52d2asdf38817-d9fe-4edf-234c,Jaldhara,"Drinks, Beverages",6,1074
01/04/2025,Jaldhara Hibiscus Cooler Herbal Drink Bags 25.0 PIECE,9de5c6f0-1042-40b7-9c06-c5f48dc42b15,Puducherry,Jaldhara,ecw23t6e5a-52d2asdf38817-d9fe-4edf-234c,Jaldhara,"Drinks, Beverages",9,1611
01/04/2025,Jaldhara Hibiscus Cooler Herbal Drink Bags 25.0 PIECE,9de5c6f0-1042-40b7-9c06-c5f48dc42b15,Surat,Jaldhara,ecw23t6e5a-52d2asdf38817-d9fe-4edf-234c,Jaldhara,"Drinks, Beverages",8,1432
01/04/2025,Jaldhara Hibiscus Cooler Herbal Drink Bags 25.0 PIECE,9de5c6f0-1042-40b7-9c06-c5f48dc42b15,Faridabad,Jaldhara,ecw23t6e5a-52d2asdf38817-d9fe-4edf-234c,Jaldhara,"Drinks, Beverages",7,1253
01/04/2025,Jaldhara Hibiscus Cooler Herbal Drink Bags 25.0 PIECE,9de5c6f0-1042-40b7-9c06-c5f48dc42b15,Noida,Jaldhara,ecw23t6e5a-52d2asdf38817-d9fe-4edf-234c,Jaldhara,"Drinks, Beverages",3,537
01/04/2025,Jaldhara Hibiscus Cooler Herbal Drink Bags 25.0 PIECE,9de5c6f0-1042-40b7-9c06-c5f48dc42b15,Chandigarh,Jaldhara,ecw23t6e5a-52d2asdf38817-d9fe-4edf-234c,Jaldhara,"Drinks, Beverages",7,1253
01/04/2025,Jaldhara Hibiscus Cooler Herbal Drink Bags 25.0 PIECE,9de5c6f0-1042-40b7-9c06-c5f48dc42b15,Delhi,Jaldhara,ecw23t6e5a-52d2asdf38817-d9fe-4edf-234c,Jaldhara,"Drinks, Beverages",12,2148
01/04/2025,Jaldhara Hibiscus Cooler Herbal Drink Bags 25.0 PIECE,9de5c6f0-1042-40b7-9c06-c5f48dc42b15,Mumbai,Jaldhara,ecw23t6e5a-52d2asdf38817-d9fe-4edf-234c,Jaldhara,"Drinks, Beverages",10,1790
01/04/2025,Jaldhara Hibiscus Cooler Herbal Drink Bags 25.0 PIECE,9de5c6f0-1042-40b7-9c06-c5f48dc42b15,Kochi,Jaldhara,ecw23t6e5a-52d2asdf38817-d9fe-4edf-234c,Jaldhara,"Drinks, Beverages",7,1253
01/04/2025,Jaldhara Combo Iced Drink Mix Mango and Lemon 1.0 PIECE,af512897-cb97-49a2-b495-20d4648773b1,Puducherry,Jaldhara,ecw23t6e5a-52d2asdf38817-d9fe-4edf-234c,Jaldhara,"Drinks, Beverages",10,1990
01/04/2025,Jaldhara Combo Iced Drink Mix Mango and Lemon 1.0 PIECE,af512897-cb97-49a2-b495-20d4648773b1,Ahmedabad,Jaldhara,ecw23t6e5a-52d2asdf38817-d9fe-4edf-234c,Jaldhara,"Drinks, Beverages",8,1592
01/04/2025,Jaldhara Combo Iced Drink Mix Mango and Lemon 1.0 PIECE,af512897-cb97-49a2-b495-20d4648773b1,Kolkata,Jaldhara,ecw23t6e5a-52d2asdf38817-d9fe-4edf-234c,Jaldhara,"Drinks, Beverages",14,2786
01/04/2025,Jaldhara Combo Iced Drink Mix Mango and Lemon 1.0 PIECE,af512897-cb97-49a2-b495-20d4648773b1,Delhi,Jaldhara,ecw23t6e5a-52d2asdf38817-d9fe-4edf-234c,Jaldhara,"Drinks, Beverages",9,1791
01/04/2025,Jaldhara Combo Iced Drink Mix Mango and Lemon 1.0 PIECE,af512897-cb97-49a2-b495-20d4648773b1,Saharanpur,Jaldhara,ecw23t6e5a-52d2asdf38817-d9fe-4edf-234c,Jaldhara,"Drinks, Beverages",6,1194
01/04/2025,Jaldhara Combo Iced Drink Mix Mango and Lemon 1.0 PIECE,af512897-cb97-49a2-b495-20d4648773b1,Jaipur,Jaldhara,ecw23t6e5a-52d2asdf38817-d9fe-4edf-234c,Jaldhara,"Drinks, Beverages",8,1592
01/04/2025,Jaldhara Fresh Lemonade 1.0 PIECE,1f4b8527-20ba-4a79-9367-3e012e53bfd8,Chennai,Jaldhara,ecw23t6e5a-52d2asdf38817-d9fe-4edf-234c,Jaldhara,Ready to Eat,24,1176
01/04/2025,Jaldhara Fresh Lemonade 1.0 PIECE,1f4b8527-20ba-4a79-9367-3e012e53bfd8,Ahmedabad,Jaldhara,ecw23t6e5a-52d2asdf38817-d9fe-4edf-234c,Jaldhara,Ready to Eat,24,1176
01/04/2025,Jaldhara Fresh Lemonade 1.0 PIECE,1f4b8527-20ba-4a79-9367-3e012e53bfd8,Noida,Jaldhara,ecw23t6e5a-52d2asdf38817-d9fe-4edf-234c,Jaldhara,Ready to Eat,18,882
01/04/2025,Jaldhara Fresh Lemonade 1.0 PIECE,1f4b8527-20ba-4a79-9367-3e012e53bfd8,Faridabad,Jaldhara,ecw23t6e5a-52d2asdf38817-d9fe-4edf-234c,Jaldhara,Ready to Eat,16,784
01/04/2025,Jaldhara Fresh Lemonade 1.0 PIECE,1f4b8527-20ba-4a79-9367-3e012e53bfd8,Kolkata,Jaldhara,ecw23t6e5a-52d2asdf38817-d9fe-4edf-234c,Jaldhara,Ready to Eat,32,1568
01/04/2025,Jaldhara Fresh Lemonade (No Sugar) 1.0 PIECE,7247adf0-47df-436a-8e9c-8b73c46c2b27,Noida,Jaldhara,ecw23t6e5a-52d2asdf38817-d9fe-4edf-234c,Jaldhara,Ready to Eat,13,637
01/04/2025,Jaldhara Fresh Lemonade (No Sugar) 1.0 PIECE,7247adf0-47df-436a-8e9c-8b73c46c2b27,Faridabad,Jaldhara,ecw23t6e5a-52d2asdf38817-d9fe-4edf-234c,Jaldhara,Ready to Eat,13,637
01/04/2025,Jaldhara Fresh Lemonade (No Sugar) 1.0 PIECE,7247adf0-47df-436a-8e9c-8b73c46c2b27,Gurugram,Jaldhara,ecw23t6e5a-52d2asdf38817-d9fe-4edf-234c,Jaldhara,Ready to Eat,23,1127
01/04/2025,Jaldhara Fresh Lemonade (No Sugar) 1.0 PIECE,7247adf0-47df-436a-8e9c-8b73c46c2b27,Jaipur,Jaldhara,ecw23t6e5a-52d2asdf38817-d9fe-4edf-234c,Jaldhara,Ready to Eat,12,588
01/04/2025,Jaldhara Fresh Lemonade (No Sugar) 1.0 PIECE,7247adf0-47df-436a-8e9c-8b73c46c2b27,Chennai,Jaldhara,ecw23t6e5a-52d2asdf38817-d9fe-4edf-234c,Jaldhara,Ready to Eat,19,931
01/04/2025,Jaldhara Fresh Lemonade (No Sugar) 1.0 PIECE,7247adf0-47df-436a-8e9c-8b73c46c2b27,Puducherry,Jaldhara,ecw23t6e5a-52d2asdf38817-d9fe-4edf-234c,Jaldhara,Ready to Eat,14,686
01/04/2025,Jaldhara Fresh Lemonade (No Sugar) 1.0 PIECE,7247adf0-47df-436a-8e9c-8b73c46c2b27,Lucknow,Jaldhara,ecw23t6e5a-52d2asdf38817-d9fe-4edf-234c,Jaldhara,Ready to Eat,15,735
01/04/2025,Jaldhara Fresh Lemonade (No Sugar) 1.0 PIECE,7247adf0-47df-436a-8e9c-8b73c46c2b27,Indore,Jaldhara,ecw23t6e5a-52d2asdf38817-d9fe-4edf-234c,Jaldhara,Ready to Eat,16,784
01/04/2025,Jaldhara Fresh Lemonade (No Sugar) 1.0 PIECE,7247adf0-47df-436a-8e9c-8b73c46c2b27,Faridabad,Jaldhara,ecw23t6e5a-52d2asdf38817-d9fe-4edf-234c,Jaldhara,Ready to Eat,13,637
01/04/2025,Jaldhara Fresh Lemonade (No Sugar) 1.0 PIECE,7247adf0-47df-436a-8e9c-8b73c46c2b27,Surat,Jaldhara,ecw23t6e5a-52d2asdf38817-d9fe-4edf-234c,Jaldhara,Ready to Eat,13,637
01/04/2025,Jaldhara Fresh Lemonade (No Sugar) 1.0 PIECE,7247adf0-47df-436a-8e9c-8b73c46c2b27,Vijayawada,Jaldhara,ecw23t6e5a-52d2asdf38817-d9fe-4edf-234c,Jaldhara,Ready to Eat,13,637
01/04/2025,Jaldhara Fresh Aam Panna 1.0 PIECE,b184cf75-2ebc-44b7-a3d0-676206251468,Noida,Jaldhara,ecw23t6e5a-52d2asdf38817-d9fe-4edf-234c,Jaldhara,Ready to Eat,16,784
01/04/2025,Jaldhara Fresh Aam Panna 1.0 PIECE,b184cf75-2ebc-44b7-a3d0-676206251468,Puducherry,Jaldhara,ecw23t6e5a-52d2asdf38817-d9fe-4edf-234c,Jaldhara,Ready to Eat,8,392
01/04/2025,Jaldhara Fresh Aam Panna 1.0 PIECE,b184cf75-2ebc-44b7-a3d0-676206251468,Pune,Jaldhara,ecw23t6e5a-52d2asdf38817-d9fe-4edf-234c,Jaldhara,Ready to Eat,12,588
01/04/2025,Jaldhara Fresh Aam Panna 1.0 PIECE,b184cf75-2ebc-44b7-a3d0-676206251468,Vijayawada,Jaldhara,ecw23t6e5a-52d2asdf38817-d9fe-4edf-234c,Jaldhara,Ready to Eat,16,784
01/04/2025,Jaldhara Fresh Aam Panna 1.0 PIECE,b184cf75-2ebc-44b7-a3d0-676206251468,Faridabad,Jaldhara,ecw23t6e5a-52d2asdf38817-d9fe-4edf-234c,Jaldhara,Ready to Eat,17,833
01/04/2025,Jaldhara Fresh Aam Panna 1.0 PIECE,b184cf75-2ebc-44b7-a3d0-676206251468,Patna,Jaldhara,ecw23t6e5a-52d2asdf38817-d9fe-4edf-234c,Jaldhara,Ready to Eat,10,490
01/04/2025,Jaldhara Fresh Aam Panna 1.0 PIECE,b184cf75-2ebc-44b7-a3d0-676206251468,Faridabad,Jaldhara,ecw23t6e5a-52d2asdf38817-d9fe-4edf-234c,Jaldhara,Ready to Eat,16,784
01/04/2025,Jaldhara Fresh Aam Panna 1.0 PIECE,b184cf75-2ebc-44b7-a3d0-676206251468,Chandigarh,Jaldhara,ecw23t6e5a-52d2asdf38817-d9fe-4edf-234c,Jaldhara,Ready to Eat,13,637
01/04/2025,Jaldhara Fresh Aam Panna 1.0 PIECE,b184cf75-2ebc-44b7-a3d0-676206251468,Mumbai,Jaldhara,ecw23t6e5a-52d2asdf38817-d9fe-4edf-234c,Jaldhara,Ready to Eat,28,1372
01/04/2025,Jaldhara Fresh Aam Panna 1.0 PIECE,b184cf75-2ebc-44b7-a3d0-676206251468,Jaipur,Jaldhara,ecw23t6e5a-52d2asdf38817-d9fe-4edf-234c,Jaldhara,Ready to Eat,11,539
01/04/2025,Jaldhara Spiced Lemonade 1.0 PIECE,740af86a-f183-4b7f-aee0-4cc22b3416c3,Delhi,Jaldhara,ecw23t6e5a-52d2asdf38817-d9fe-4edf-234c,Jaldhara,Ready to Eat,24,1176
01/04/2025,Jaldhara Spiced Lemonade 1.0 PIECE,740af86a-f183-4b7f-aee0-4cc22b3416c3,Chandigarh,Jaldhara,ecw23t6e5a-52d2asdf38817-d9fe-4edf-234c,Jaldhara,Ready to Eat,13,637
01/04/2025,Jaldhara Spiced Lemonade 1.0 PIECE,740af86a-f183-4b7f-aee0-4cc22b3416c3,Hyderabad,Jaldhara,ecw23t6e5a-52d2asdf38817-d9fe-4edf-234c,Jaldhara,Ready to Eat,31,1519
01/04/2025,Jaldhara Spiced Lemonade 1.0 PIECE,740af86a-f183-4b7f-aee0-4cc22b3416c3,Patna,Jaldhara,ecw23t6e5a-52d2asdf38817-d9fe-4edf-234c,Jaldhara,Ready to Eat,10,490
01/04/2025,Jaldhara Spiced Lemonade 1.0 PIECE,740af86a-f183-4b7f-aee0-4cc22b3416c3,Faridabad,Jaldhara,ecw23t6e5a-52d2asdf38817-d9fe-4edf-234c,Jaldhara,Ready to Eat,11,539
01/04/2025,Jaldhara Spiced Lemonade 1.0 PIECE,740af86a-f183-4b7f-aee0-4cc22b3416c3,Kolkata,Jaldhara,ecw23t6e5a-52d2asdf38817-d9fe-4edf-234c,Jaldhara,Ready to Eat,22,1078
01/04/2025,Jaldhara Spiced Lemonade 1.0 PIECE,740af86a-f183-4b7f-aee0-4cc22b3416c3,Ahmedabad,Jaldhara,ecw23t6e5a-52d2asdf38817-d9fe-4edf-234c,Jaldhara,Ready to Eat,13,637
01/04/2025,Jaldhara Lemon Iced Drink 300.0 MILLILITRE,fef57b76-2509-499f-b4ae-813616f909f0,Indore,Jaldhara,ecw23t6e5a-52d2asdf38817-d9fe-4edf-234c,Jaldhara,Ready to Eat,10,590
01/04/2025,Jaldhara Lemon Iced Drink 300.0 MILLILITRE,fef57b76-2509-499f-b4ae-813616f909f0,Surat,Jaldhara,ecw23t6e5a-52d2asdf38817-d9fe-4edf-234c,Jaldhara,Ready to Eat,12,708
01/04/2025,Jaldhara Lemon Iced Drink 300.0 MILLILITRE,fef57b76-2509-499f-b4ae-813616f909f0,Puducherry,Jaldhara,ecw23t6e5a-52d2asdf38817-d9fe-4edf-234c,Jaldhara,Ready to Eat,12,708
01/04/2025,Jaldhara Lemon Iced Drink 300.0 MILLILITRE,fef57b76-2509-499f-b4ae-813616f909f0,Gurugram,Jaldhara,ecw23t6e5a-52d2asdf38817-d9fe-4edf-234c,Jaldhara,Ready to Eat,18,1062
01/04/2025,Jaldhara Lemon Iced Drink 300.0 MILLILITRE,fef57b76-2509-499f-b4ae-813616f909f0,Chennai,Jaldhara,ecw23t6e5a-52d2asdf38817-d9fe-4edf-234c,Jaldhara,Ready to Eat,23,1357
01/04/2025,Jaldhara Lemon Iced Drink 300.0 MILLILITRE,fef57b76-2509-499f-b4ae-813616f909f0,Hyderabad,Jaldhara,ecw23t6e5a-52d2asdf38817-d9fe-4edf-234c,Jaldhara,Ready to Eat,20,1180
01/04/2025,Jaldhara Lemon Iced Drink 300.0 MILLILITRE,fef57b76-2509-499f-b4ae-813616f909f0,Mumbai,Jaldhara,ecw23t6e5a-52d2asdf38817-d9fe-4edf-234c,Jaldhara,Ready to Eat,28,1652
01/04/2025,Jaldhara Lemon Iced Drink 300.0 MILLILITRE,fef57b76-2509-499f-b4ae-813616f909f0,Vijayawada,Jaldhara,ecw23t6e5a-52d2asdf38817-d9fe-4edf-234c,Jaldhara,Ready to Eat,11,649
01/04/2025,Jaldhara Veg Puff 1.0 PIECE,6bb417fc-f710-4098-9976-f5c0fca97c6b,Delhi,Jaldhara,ecw23t6e5a-52d2asdf38817-d9fe-4edf-234c,Jaldhara,Ready to Eat,30,1050
01/04/2025,Jaldhara Veg Puff 1.0 PIECE,6bb417fc-f710-4098-9976-f5c0fca97c6b,Pune,Jaldhara,ecw23t6e5a-52d2asdf38817-d9fe-4edf-234c,Jaldhara,Ready to Eat,17,595
01/04/2025,Jaldhara Veg Puff 1.0 PIECE,6bb417fc-f710-4098-9976-f5c0fca97c6b,Kolkata,Jaldhara,ecw23t6e5a-52d2asdf38817-d9fe-4edf-234c,Jaldhara,Ready to Eat,37,1295
01/04/2025,Jaldhara Veg Puff 1.0 PIECE,6bb417fc-f710-4098-9976-f5c0fca97c6b,Chennai,Jaldhara,ecw23t6e5a-52d2asdf38817-d9fe-4edf-234c,Jaldhara,Ready to Eat,36,1260
01/04/2025,Jaldhara Veg Puff 1.0 PIECE,6bb417fc-f710-4098-9976-f5c0fca97c6b,Patna,Jaldhara,ecw23t6e5a-52d2asdf38817-d9fe-4edf-234c,Jaldhara,Ready to Eat,16,560
01/04/2025,Jaldhara Veg Puff 1.0 PIECE,6bb417fc-f710-4098-9976-f5c0fca97c6b,Chandigarh,Jaldhara,ecw23t6e5a-52d2asdf38817-d9fe-4edf-234c,Jaldhara,Ready to Eat,20,700
01/04/2025,Jaldhara Veg Puff 1.0 PIECE,6bb417fc-f710-4098-9976-f5c0fca97c6b,Bengaluru,Jaldhara,ecw23t6e5a-52d2asdf38817-d9fe-4edf-234c,Jaldhara,Ready to Eat,37,1295
01/04/2025,Jaldhara Veg Puff 1.0 PIECE,6bb417fc-f710-4098-9976-f5c0fca97c6b,Indore,Jaldhara,ecw23t6e5a-52d2asdf38817-d9fe-4edf-234c,Jaldhara,Ready to Eat,23,805
01/04/2025,Jaldhara Veg Puff 1.0 PIECE,6bb417fc-f710-4098-9976-f5c0fca97c6b,Lucknow,Jaldhara,ecw23t6e5a-52d2asdf38817-d9fe-4edf-234c,Jaldhara,Ready to Eat,28,980
01/04/2025,Jaldhara Veg Puff 1.0 PIECE,6bb417fc-f710-4098-9976-f5c0fca97c6b,Faridabad,Jaldhara,ecw23t6e5a-52d2asdf38817-d9fe-4edf-234c,Jaldhara,Ready to Eat,18,630
01/04/2025,Jaldhara Veg Puff 1.0 PIECE,6bb417fc-f710-4098-9976-f5c0fca97c6b,Vijayawada,Jaldhara,ecw23t6e5a-52d2asdf38817-d9fe-4edf-234c,Jaldhara,Ready to Eat,20,700
01/04/2025,Jaldhara Chicken Puff 1.0 PIECE,785d65ba-6445-4fdb-bbd8-cb39677ebdec,Mumbai,Jaldhara,ecw23t6e5a-52d2asdf38817-d9fe-4edf-234c,Jaldhara,Ready to Eat,22,880
01/04/2025,Jaldhara Chicken Puff 1.0 PIECE,785d65ba-6445-4fdb-bbd8-cb39677ebdec,Kolkata,Jaldhara,ecw23t6e5a-52d2asdf38817-d9fe-4edf-234c,Jaldhara,Ready to Eat,26,1040
01/04/2025,Jaldhara Chicken Puff 1.0 PIECE,785d65ba-6445-4fdb-bbd8-cb39677ebdec,Gurugram,Jaldhara,ecw23t6e5a-52d2asdf38817-d9fe-4edf-234c,Jaldhara,Ready to Eat,28,1120
01/04/2025,Jaldhara Chicken Puff 1.0 PIECE,785d65ba-6445-4fdb-bbd8-cb39677ebdec,Kochi,Jaldhara,ecw23t6e5a-52d2asdf38817-d9fe-4edf-234c,Jaldhara,Ready to Eat,13,520
01/04/2025,Jaldhara Chicken Puff 1.0 PIECE,785d65ba-6445-4fdb-bbd8-cb39677ebdec,Pune,Jaldhara,ecw23t6e5a-52d2asdf38817-d9fe-4edf-234c,Jaldhara,Ready to Eat,17,680
01/04/2025,Jaldhara Chicken Puff 1.0 PIECE,785d65ba-6445-4fdb-bbd8-cb39677ebdec,Delhi,Jaldhara,ecw23t6e5a-52d2asdf38817-d9fe-4edf-234c,Jaldhara,Ready to Eat,23,920
01/04/2025,Jaldhara Chicken Puff 1.0 PIECE,785d65ba-6445-4fdb-bbd8-cb39677ebdec,Faridabad,Jaldhara,ecw23t6e5a-52d2asdf38817-d9fe-4edf-234c,Jaldhara,Ready to Eat,16,640
01/04/2025,Jaldhara Chicken Puff 1.0 PIECE,785d65ba-6445-4fdb-bbd8-cb39677ebdec,Indore,Jaldhara,ecw23t6e5a-52d2asdf38817-d9fe-4edf-234c,Jaldhara,Ready to Eat,19,760
01/04/2025,Jaldhara Chicken Puff 1.0 PIECE,785d65ba-6445-4fdb-bbd8-cb39677ebdec,Patna,Jaldhara,ecw23t6e5a-52d2asdf38817-d9fe-4edf-234c,Jaldhara,Ready to Eat,18,720
01/04/2025,Jaldhara Chicken Puff 1.0 PIECE,785d65ba-6445-4fdb-bbd8-cb39677ebdec,Vijayawada,Jaldhara,ecw23t6e5a-52d2asdf38817-d9fe-4edf-234c,Jaldhara,Ready to Eat,17,680
01/04/2025,Jaldhara Chicken Puff 1.0 PIECE,785d65ba-6445-4fdb-bbd8-cb39677ebdec,Surat,Jaldhara,ecw23t6e5a-52d2asdf38817-d9fe-4edf-234c,Jaldhara,Ready to Eat,16,640
01/04/2025,Jaldhara Chicken Puff 1.0 PIECE,785d65ba-6445-4fdb-bbd8-cb39677ebdec,Ahmedabad,Jaldhara,ecw23t6e5a-52d2asdf38817-d9fe-4edf-234c,Jaldhara,Ready to Eat,22,880
01/04/2025,Jaldhara Chicken Puff 1.0 PIECE,785d65ba-6445-4fdb-bbd8-cb39677ebdec,Hyderabad,Jaldhara,ecw23t6e5a-52d2asdf38817-d9fe-4edf-234c,Jaldhara,Ready to Eat,23,920
01/04/2025,Jaldhara Chicken Puff 1.0 PIECE,785d65ba-6445-4fdb-bbd8-cb39677ebdec,Jaipur,Jaldhara,ecw23t6e5a-52d2asdf38817-d9fe-4edf-234c,Jaldhara,Ready to Eat,24,960